monotonic_ns,encoder_value
24248287311933,0.000000
24248298688598,0.000000
24248304867742,0.000000
24248311084754,0.000000
24248322364184,0.000000
24248328548980,0.000000
24248334715030,0.000000
24248346026032,0.000000
24248352253145,0.000000
24248363638965,0.000000
24248369879654,0.000000
24248376104017,0.000000
24248387602623,0.000000
24248393907163,0.000000
24248400201327,0.000000
24248411597188,0.000000
24248417912904,0.000000
24248424177232,0.000000
24248435522516,0.000000
24248441756892,0.000000
24248453180769,0.000000
24248459539706,0.000000
24248465947861,0.000000
24248477385609,0.000000
24248483646439,0.000000
24248490044837,0.000000
24248501520729,0.000000
24248507813980,0.000000
24248514146323,0.000000
24248525470574,0.000000
24248531635290,0.000000
24248542902917,0.000000
24248549119044,0.000000
24248555281212,0.000000
24248566543107,0.000000
24248572752386,0.000000
24248584014714,0.000000
24248590187886,0.000000
24248596399664,0.000000
24248607615810,0.000000
24248613776630,0.000000
24248620141153,0.000000
24248631891966,0.000000
24248638214910,0.000000
24248644700075,0.000000
24248656024495,0.000000
24248662269931,0.000000
24248673613533,0.000000
24248679860985,0.000000
24248686110235,0.000000
24248697626762,0.000000
24248703964113,0.000000
24248715452784,0.000000
24248721718810,0.000000
24248727951979,0.000000
24248734241264,0.000000
24248745528543,0.000000
24248751822737,0.000000
24248763311192,0.000000
24248769657226,0.000000
24248775875187,0.000000
24248787112240,0.000000
24248793314001,0.000000
24248804613437,0.000000
24248810771379,0.000000
24248816948829,0.000000
24248828218179,0.000000
24248834526178,0.000000
24248840880057,0.000000
24248852256513,0.000000
24248858437556,0.000000
24248864660673,0.000000
24248876072234,0.000000
24248882335420,0.000000
24248888557629,0.000000
24248899916212,0.000000
24248906136993,0.000000
24248917413403,0.000000
24248923686835,0.000000
24248930086228,0.000000
24248941442986,0.000000
24248947717827,0.000000
24248953991080,0.000000
24248965366300,0.000000
24248971662540,0.000000
24248983044841,0.000000
24248989297029,0.000000
24248995518364,0.000000
24249006809441,0.000000
24249013025092,0.000000
24249019255028,0.000000
24249030619507,0.000000
24249036898734,0.000000
24249043294169,0.000000
24249054600263,0.000000
24249060871202,0.000000
24249072265758,0.000000
24249078497111,0.000000
24249084804634,0.000000
24249096199730,0.000000
24249102416403,0.000000
24249113790172,0.000000
24249120056190,0.000000
24249126301854,0.000000
24249137716001,0.000000
24249144069791,0.000000
24249150308721,0.000000
24249161602818,0.000000
24249167808290,0.000000
24249179132607,0.000000
24249185345358,0.000000
24249196621969,0.000000
24249202788721,0.000000
24249208975730,0.000000
24249220180592,0.000000
24249226345758,0.000000
24249232525065,0.000000
24249243794752,0.000000
24249249970276,0.000000
24249256119976,0.000000
24249267387797,0.000000
24249273543534,0.000000
24249284769890,0.000000
24249290922316,0.000000
24249302116470,0.000000
24249308288841,0.000000
24249314464093,0.000000
24249325681674,0.000000
24249331865547,0.000000
24249338018746,0.000000
24249349258180,0.000000
24249355414186,0.000000
24249366625469,0.000000
24249372785831,0.000000
24249378944901,0.000000
24249390288331,0.000000
24249396710384,0.000000
24249408232580,0.000000
24249414482756,0.000000
24249420770064,0.000000
24249432186422,0.000000
24249438406827,0.000000
24249444630774,0.000000
24249455981274,0.000000
24249462709920,0.000000
24249469091194,0.000000
24249480416149,0.000000
24249486580791,0.000000
24249497792598,0.000000
24249503984558,0.000000
24249510176349,0.000000
24249521562115,0.000000
24249527783523,0.000000
24249534000080,0.000000
24249545292005,0.000000
24249551491928,0.000000
24249562810721,0.000000
24249569096237,0.000000
24249580590910,0.000000
24249586906996,0.000000
24249593158825,0.000000
24249599383888,0.000000
24249610792918,0.000000
24249617124073,0.000000
24249623420112,0.000000
24249634871391,0.000000
24249641207615,0.000000
24249652593246,0.000000
24249658800353,0.000000
24249665018156,0.000000
24249676351904,0.000000
24249682585733,0.000000
24249693964117,0.000000
24249700265006,0.000000
24249706537698,0.000000
24249717783754,0.000000
24249723963102,0.000000
24249730142962,0.000000
24249741477808,0.000000
24249747709236,0.000000
24249759052048,0.000000
24249765274134,0.000000
24249771483627,0.000000
24249782779354,0.000000
24249789035730,0.000000
24249800319674,0.000000
24249806611406,0.000000
24249812851079,0.000000
24249824156228,0.000000
24249830329931,0.000000
24249836478902,0.000000
24249847767373,0.000000
24249853991903,0.000000
24249865338095,0.000000
24249871690468,0.000000
24249877884131,0.000000
24249889288344,0.000000
24249895656983,0.000000
24249901846320,0.000000
24249913157846,0.000000
24249919364216,0.000000
24249930725203,0.000000
24249936946015,0.000000
24249943261458,0.000000
24249954669805,0.000000
24249960949839,0.000000
24249967200515,0.000000
24249978621049,0.000000
24249984876562,0.000000
24249991085855,0.000000
24250002424006,0.000000
24250008586224,0.000000
24250014726189,0.000000
24250026020934,0.000000
24250032206002,0.000000
24250043494078,0.000000
24250049675527,0.000000
24250055861653,0.000000
24250067145618,0.000000
24250073366095,0.000000
24250084637428,0.000000
24250090833501,0.000000
24250097022431,0.000000
24250108343901,0.000000
24250114577686,0.000000
24250120792065,0.000000
24250132115879,0.000000
24250138309030,0.000000
24250144537751,0.000000
24250155812231,0.000000
24250162037837,0.000000
24250168279050,0.000000
24250179829417,0.000000
24250186097500,0.000000
24250192319864,0.000000
24250203746241,0.000000
24250210007815,0.000000
24250221300962,0.000000
24250227528253,0.000000
24250233726251,0.000000
24250245056716,0.000000
24250251258240,0.000000
24250257433520,0.000000
24250268715989,0.000000
24250274899823,0.000000
24250281034401,0.000000
24250292278466,0.000000
24250298467777,0.000000
24250309843454,0.000000
24250316129449,0.000000
24250322408446,0.000000
24250333846292,0.000000
24250340107158,0.000000
24250346345711,0.000000
24250357797077,0.000000
24250364056884,0.000000
24250370380953,0.000000
24250381701028,0.000000
24250387957712,0.000000
24250394252155,0.000000
24250405737311,0.000000
24250412042650,0.000000
24250418264092,0.000000
24250429548799,0.000000
24250435763959,0.000000
24250441977136,0.000000
24250453196932,0.000000
24250459427624,0.000000
24250470741157,0.000000
24250476917618,0.000000
24250483131720,0.000000
24250494429992,0.000000
24250500643848,0.000000
24250506830466,0.000000
24250518124402,0.000000
24250524325664,0.000000
24250535640879,0.000000
24250541835110,0.000000
24250548033778,0.000000
24250559288461,0.000000
24250565440277,0.000000
24250576675318,0.000000
24250582853070,0.000000
24250589062415,0.000000
24250600387517,0.000000
24250606595870,0.000000
24250612768381,0.000000
24250624045947,0.000000
24250630234757,0.000000
24250636422740,0.000000
24250647714020,0.000000
24250653951631,0.000000
24250665242851,0.000000
24250671417214,0.000000
24250677606849,0.000000
24250688852401,0.000000
24250695054716,0.000000
24250701313544,0.000000
24250712650155,0.000000
24250718903902,0.000000
24250725087504,0.000000
24250736352197,0.000000
24250742545775,0.000000
24250748721345,0.000000
24250759982234,0.000000
24250766166768,0.000000
24250777464044,0.000000
24250783690618,0.000000
24250789877156,0.000000
24250801172521,0.000000
24250807392478,0.000000
24250813602920,0.000000
24250824893693,0.000000
24250831028616,0.000000
24250842244385,0.000000
24250848418634,0.000000
24250854631947,0.000000
24250865931010,0.000000
24250872227681,0.000000
24250878602154,0.000000
24250889878036,0.000000
24250896132985,0.000000
24250902292242,0.000000
24250913530256,0.000000
24250919730617,0.000000
24250930975278,0.000000
24250937153421,0.000000
24250943353351,0.000000
24250954855513,0.000000
24250961199467,0.000000
24250967421968,0.000000
24250978730222,0.000000
24250984971971,0.000000
24250991235169,0.000000
24251002672435,0.000000
24251008941970,0.000000
24251020252273,0.000000
24251026558558,0.000000
24251032769740,0.000000
24251044079738,0.000000
24251050271723,0.000000
24251056469762,0.000000
24251067722594,0.000000
24251073988682,0.000000
24251085407990,0.000000
24251091600884,0.000000
24251097812885,0.000000
24251109100443,0.000000
24251115286626,0.000000
24251121494739,0.000000
24251133068504,0.000000
24251139388501,0.000000
24251145656277,0.000000
24251156943868,0.000000
24251163154542,0.000000
24251174441940,0.000000
24251180671871,0.000000
24251186854948,0.000000
24251198150756,0.000000
24251204431526,0.000000
24251210815074,0.000000
24251222164797,0.000000
24251228337722,0.000000
24251234566228,0.000000
24251245829838,0.000000
24251252031971,0.000000
24251263289970,0.000000
24251269456659,0.000000
24251275613817,0.000000
24251286837869,0.000000
24251293033140,0.000000
24251299217657,0.000000
24251310476597,0.000000
24251316664607,0.000000
24251328029107,0.000000
24251334271289,0.000000
24251340537699,0.000000
24251351851002,0.000000
24251358178200,0.000000
24251364390890,0.000000
24251375906455,0.000000
24251382138149,0.000000
24251388498271,0.000000
24251399866787,0.000000
24251406070935,0.000000
24251412287686,0.000000
24251423615678,0.000000
24251429789302,0.000000
24251441101964,0.000000
24251447313112,0.000000
24251453584106,0.000000
24251465035273,0.000000
24251471230170,0.000000
24251477387858,0.000000
24251488760605,0.000000
24251495027604,0.000000
24251501227389,0.000000
24251512521501,0.000000
24251518722981,0.000000
24251524922724,0.000000
24251536270422,0.000000
24251542513764,0.000000
24251548690877,0.000000
24251559951680,0.000000
24251566134227,0.000000
24251577405850,0.000000
24251583588953,0.000000
24251589776557,0.000000
24251601068903,0.000000
24251607282179,0.000000
24251613475945,0.000000
24251624735707,0.000000
24251630920959,0.000000
24251642204508,0.000000
24251648399449,0.000000
24251654756610,0.000000
24251666523845,0.000000
24251672916299,0.000000
24251679243257,0.000000
24251690564573,0.000000
24251696757722,0.000000
24251702950890,0.000000
24251714213077,0.000000
24251720465769,0.000000
24251731757161,0.000000
24251737956715,0.000000
24251744134646,0.000000
24251755409547,0.000000
24251761617846,0.000000
24251767838346,0.000000
24251779139420,0.000000
24251785344923,0.000000
24251791551430,0.000000
24251802833284,0.000000
24251809058676,0.000000
24251815259515,0.000000
24251826625500,0.000000
24251832842134,0.000000
24251839048606,0.000000
24251850306630,0.000000
24251856530340,0.000000
24251867905214,0.000000
24251874124695,0.000000
24251880317140,0.000000
24251891578477,0.000000
24251897785447,0.000000
24251903980031,0.000000
24251915226484,0.000000
24251921443758,0.000000
24251927716349,0.000000
24251939039297,0.000000
24251945237766,0.000000
24251956589119,0.000000
24251962982554,0.000000
24251969243519,0.000000
24251980543142,0.000000
24251986784855,0.000000
24251993023820,0.000000
24252004334971,0.000000
24252010652723,0.000000
24252016866482,0.000000
24252028165104,0.000000
24252034368166,0.000000
24252045638718,0.000000
24252051841906,0.000000
24252058078158,0.000000
24252069382177,0.000000
24252075738433,0.000000
24252082044189,0.000000
24252093391126,0.000000
24252099660265,0.000000
24252105860733,0.000000
24252117148290,0.000000
24252123355273,0.000000
24252134702070,0.000000
24252140939276,0.000000
24252147173593,0.000000
24252158524957,0.000000
24252164821692,0.000000
24252171056947,0.000000
24252182415596,0.000000
24252188671306,0.000000
24252194956059,0.000000
24252206319349,0.000000
24252212604706,0.000000
24252218776603,0.000000
24252230034475,0.000000
24252236224305,0.000000
24252242414952,0.000000
24252253678992,0.000000
24252259858838,0.000000
24252271116484,0.000000
24252277296619,0.000000
24252283482571,0.000000
24252294766014,0.000000
24252300981081,0.000000
24252312284724,0.000000
24252318529253,0.000000
24252324752089,0.000000
24252336023428,0.000000
24252342231114,0.000000
24252348386624,0.000000
24252359650062,0.000000
24252365891920,0.000000
24252372193362,0.000000
24252383681235,0.000000
24252389971012,0.000000
24252396523224,0.000000
24252407921582,0.000000
24252414200038,0.000000
24252420534005,0.000000
24252431984901,0.000000
24252438319277,0.000000
24252444588057,0.000000
24252455980886,0.000000
24252462276803,0.000000
24252468537349,0.000000
24252480028604,0.000000
24252486331240,0.000000
24252497783669,0.000000
24252504238158,0.000000
24252510600929,0.000000
24252516935715,0.000000
24252528362651,0.000000
24252534708450,0.000000
24252541136855,0.000000
24252552770428,0.000000
24252559195428,0.000000
24252565527752,0.000000
24252577049091,0.000000
24252583314131,0.000000
24252589559661,0.000000
24252600906658,0.000000
24252607183721,0.000000
24252613408164,0.000000
24252624807820,0.000000
24252631231520,0.000000
24252637573020,0.000000
24252649266542,0.000000
24252655615648,0.000000
24252661862289,0.000000
24252675027262,0.000000
24252697451023,0.000000
24252708674345,0.000000
24252714816173,0.000000
24252726028045,0.000000
24252732172795,0.000000
24252740387729,0.000000
24252746529231,0.000000
24252757751546,0.000000
24252763907648,0.000000
24252775109820,0.000000
24252781255533,0.000000
24252787394628,0.000000
24252798616300,0.000000
24252804785474,0.000000
24252816057469,0.000000
24252822224865,0.000000
24252828370122,0.000000
24252839590619,0.000000
24252845772680,0.000000
24252851939686,0.000000
24252863161670,0.000000
24252869382022,0.000000
24252880624903,0.000000
24252886785172,0.000000
24252892957409,0.000000
24252904241019,0.000000
24252910601719,0.000000
24252916846527,0.000000
24252928185261,0.000000
24252934437048,0.000000
24252940734496,0.000000
24252952120862,0.000000
24252958409632,0.000000
24252969874255,0.000000
24252976171446,0.000000
24252982493224,0.000000
24252993832944,0.000000
24253000228427,0.000000
24253006634158,0.000000
24253017990733,0.000000
24253024213778,0.000000
24253030396798,0.000000
24253041683815,0.000000
24253047886375,0.000000
24253054101951,0.000000
24253065361054,0.000000
24253071598657,0.000000
24253077799041,0.000000
24253089197372,0.000000
24253095461995,0.000000
24253101656211,0.000000
24253112916906,0.000000
24253119125002,0.000000
24253130384227,0.000000
24253136599725,0.000000
24253142790820,0.000000
24253154067135,0.000000
24253160266482,0.000000
24253166454864,0.000000
24253177779939,0.000000
24253184051874,0.000000
24253190274978,0.000000
24253201557303,0.000000
24253207751664,0.000000
24253219037437,0.000000
24253225316688,0.000000
24253231511523,0.000000
24253242790326,0.000000
24253248973220,0.000000
24253255107832,0.000000
24253266322048,0.000000
24253272484187,0.000000
24253283687806,0.000000
24253289882363,0.000000
24253296035865,0.000000
24253307287406,0.000000
24253313430797,0.000000
24253319590340,0.000000
24253330800318,0.000000
24253336969673,0.000000
24253348144778,0.000000
24253354409164,0.000000
24253360664377,0.000000
24253371964931,0.000000
24253378147033,0.000000
24253384324534,0.000000
24253395608277,0.000000
24253401808583,0.000000
24253408017741,0.000000
24253419304865,0.000000
24253425497311,0.000000
24253431648012,0.000000
24253442905990,0.000000
24253449069456,0.000000
24253460350396,0.000000
24253466563835,0.000000
24253472748807,0.000000
24253484023790,0.000000
24253490254706,0.000000
24253496436964,0.000000
24253507752955,0.000000
24253513938048,0.000000
24253525286385,0.000000
24253531548043,0.000000
24253537816271,0.000000
24253549211132,0.000000
24253555487641,0.000000
24253561705998,0.000000
24253572976715,0.000000
24253579208434,0.000000
24253585388791,0.000000
24253596867349,0.000000
24253603077344,0.000000
24253614350212,0.000000
24253620584835,0.000000
24253626789256,0.000000
24253638077126,0.000000
24253644335341,0.000000
24253650537312,0.000000
24253661809838,0.000000
24253668019544,0.000000
24253674255579,0.000000
24253685548293,0.000000
24253691753381,0.000000
24253697955928,0.000000
24253709310717,0.000000
24253715522983,0.000000
24253726787890,0.000000
24253733023296,0.000000
24253739230495,0.000000
24253750552975,0.000000
24253756771439,0.000000
24253763021227,0.000000
24253774457737,0.000000
24253780757856,0.000000
24253786960656,0.000000
24253798267107,0.000000
24253804494784,0.000000
24253815826191,0.000000
24253822074575,0.000000
24253828473469,0.000000
24253839793667,0.000000
24253846017253,0.000000
24253852204765,0.000000
24253863630391,0.000000
24253869940453,0.000000
24253876129653,0.000000
24253887398938,0.000000
24253893632268,0.000000
24253904908816,0.000000
24253911138262,0.000000
24253917329021,0.000000
24253928593370,0.000000
24253934780146,0.000000
24253941118152,0.000000
24253952613112,0.000000
24253958805634,0.000000
24253965040954,0.000000
24253976352197,0.000000
24253982532086,0.000000
24253993763301,0.000000
24253999961022,0.000000
24254006122269,0.000000
24254017393202,0.000000
24254023634773,0.000000
24254029818930,0.000000
24254041106335,0.000000
24254047263793,0.000000
24254053408113,0.000000
24254064638702,0.000000
24254070778377,0.000000
24254082039818,0.000000
24254088187977,0.000000
24254094348449,0.000000
24254105638889,0.000000
24254111875723,0.000000
24254118066076,0.000000
24254129313755,0.000000
24254135563030,0.000000
24254141816145,0.000000
24254153305391,0.000000
24254159631723,0.000000
24254170951329,0.000000
24254177154586,0.000000
24254183394825,0.000000
24254194713209,0.000000
24254200962089,0.000000
24254207146140,0.000000
24254218437776,0.000000
24254224740189,0.000000
24254231086195,0.000000
24254242337610,0.000000
24254248546587,0.000000
24254254726140,0.000000
24254266028910,0.000000
24254272252309,0.000000
24254278447812,0.000000
24254289686507,0.000000
24254295874418,0.000000
24254307139015,0.000000
24254313319748,0.000000
24254319495811,0.000000
24254330857177,0.000000
24254337076600,0.000000
24254343257777,0.000000
24254354520785,0.000000
24254360735318,0.000000
24254372048827,0.000000
24254378282655,0.000000
24254384497227,0.000000
24254395769659,0.000000
24254401971311,0.000000
24254408157501,0.000000
24254419435186,0.000000
24254425641319,0.000000
24254436928131,0.000000
24254443128812,0.000000
24254449332499,0.000000
24254460685133,0.000000
24254466925149,0.000000
24254473189822,0.000000
24254484541531,0.000000
24254490690917,0.000000
24254496871312,0.000000
24254508164661,0.000000
24254514347462,0.000000
24254525610304,0.000000
24254531824190,0.000000
24254538033908,0.000000
24254549316946,0.000000
24254555501896,0.000000
24254561700235,0.000000
24254573169771,0.000000
24254579553251,0.000000
24254586070190,0.000000
24254597468424,0.000000
24254603690429,0.000000
24254609890682,0.000000
24254621159206,0.000000
24254627367554,0.000000
24254633564121,0.000000
24254644828614,0.000000
24254651000074,0.000000
24254657179695,0.000000
24254668386150,0.000000
24254674514953,0.000000
24254685883924,0.000000
24254692279655,0.000000
24254698535465,0.000000
24254709831388,0.000000
24254716020466,0.000000
24254722166128,0.000000
24254733399013,0.000000
24254739601583,0.000000
24254750881968,0.000000
24254757076568,0.000000
24254763230635,0.000000
24254774442264,0.000000
24254780582145,0.000000
24254786714948,0.000000
24254797925418,0.000000
24254804038263,0.000000
24254815273796,0.000000
24254821422790,0.000000
24254827585507,0.000000
24254838788153,0.000000
24254845011938,0.000000
24254851242093,0.000000
24254862631343,0.000000
24254868822753,0.000000
24254880165531,0.000000
24254886425018,0.000000
24254892687342,0.000000
24254904037424,0.000000
24254910310877,0.000000
24254916581069,0.000000
24254927954498,0.000000
24254934128296,0.000000
24254940309174,0.000000
24254951618230,0.000000
24254957809148,0.000000
24254969131271,0.000000
24254975361402,0.000000
24254981511806,0.000000
24254992739030,0.000000
24254998923931,0.000000
24255005141816,0.000000
24255016439029,0.000000
24255022637060,0.000000
24255028823898,0.000000
24255040118737,0.000000
24255046311843,0.000000
24255052511099,0.000000
24255063837078,0.000000
24255070069438,0.000000
24255081338147,0.000000
24255087526563,0.000000
24255093707477,0.000000
24255104973464,0.000000
24255111196726,0.000000
24255117368290,0.000000
24255128691271,0.000000
24255134877507,0.000000
24255146174079,0.000000
24255152390932,0.000000
24255158574452,0.000000
24255169859524,0.000000
24255176095834,0.000000
24255182284680,0.000000
24255193602971,0.000000
24255199820411,0.000000
24255211137326,0.000000
24255217356630,0.000000
24255223606759,0.000000
24255229787793,0.000000
24255241080854,0.000000
24255247267859,0.000000
24255258564348,0.000000
24255264753376,0.000000
24255270930995,0.000000
24255282221415,0.000000
24255288443595,0.000000
24255294657271,0.000000
24255305917649,0.000000
24255312142008,0.000000
24255323410929,0.000000
24255329591915,0.000000
24255335775877,0.000000
24255347050877,0.000000
24255353211431,0.000000
24255359351638,0.000000
24255370660571,0.000000
24255376884197,0.000000
24255383089115,0.000000
24255394432090,0.000000
24255400653217,0.000000
24255411947298,0.000000
24255418158227,0.000000
24255424354161,0.000000
24255435631625,0.000000
24255441829071,0.000000
24255453106436,0.000000
24255459294384,0.000000
24255465474389,0.000000
24255476746496,0.000000
24255482915834,0.000000
24255494169204,0.000000
24255500374304,0.000000
24255506611493,0.000000
24255517920598,0.000000
24255524145295,0.000000
24255530333630,0.000000
24255541747261,0.000000
24255548056682,0.000000
24255554233386,0.000000
24255565542324,0.000000
24255571782001,0.000000
24255583180433,0.000000
24255589388221,0.000000
24255595624604,0.000000
24255606912334,0.000000
24255613123311,0.000000
24255619291042,0.000000
24255630575667,0.000000
24255636762728,0.000000
24255642978548,0.000000
24255654191255,0.000000
24255660381367,0.000000
24255671662602,0.000000
24255677849311,0.000000
24255684081387,0.000000
24255695337601,0.000000
24255701533051,0.000000
24255707734712,0.000000
24255719029750,0.000000
24255725220307,0.000000
24255731398276,0.000000
24255742744089,0.000000
24255748986328,0.000000
24255755091593,0.000000
24255766302199,0.000000
24255772448267,0.000000
24255783652428,0.000000
24255789807659,0.000000
24255795979280,0.000000
24255807149990,0.000000
24255813303865,0.000000
24255824536617,0.000000
24255830686598,0.000000
24255836878508,0.000000
24255848165601,0.000000
24255854373599,0.000000
24255860603573,0.000000
24255871895210,0.000000
24255878151175,0.000000
24255889590153,0.000000
24255895829523,0.000000
24255902071233,0.000000
24255913413226,0.000000
24255919651669,0.000000
24255925903232,0.000000
24255937250362,0.000000
24255943488811,0.000000
24255954860507,0.000000
24255961088138,0.000000
24255967375694,0.000000
24255973778010,0.000000
24255985185866,0.000000
24255991401172,0.000000
24256002669784,0.000000
24256008848613,0.000000
24256015026267,0.000000
24256026282491,0.000000
24256032469542,0.000000
24256038692191,0.000000
24256050105339,0.000000
24256056376364,0.000000
24256062683679,0.000000
24256074236574,0.000000
24256081161819,0.000000
24256087484614,0.000000
24256098901380,0.000000
24256105130138,0.000000
24256111320570,0.000000
24256122627124,0.000000
24256128845169,0.000000
24256135052235,0.000000
24256146311259,0.000000
24256152523393,0.000000
24256163837055,0.000000
24256170091002,0.000000
24256176316853,0.000000
24256187647138,0.000000
24256193881221,0.000000
24256200100636,0.000000
24256211357900,0.000000
24256217555272,0.000000
24256223756796,0.000000
24256235122617,0.000000
24256241440213,0.000000
24256252852346,0.000000
24256259127738,0.000000
24256265326052,0.000000
24256276656220,0.000000
24256282865842,0.000000
24256289078244,0.000000
24256300349968,0.000000
24256306539341,0.000000
24256312719138,0.000000
24256324137091,0.000000
24256330443655,0.000000
24256336751420,0.000000
24256348119504,0.000000
24256354345839,0.000000
24256365686270,0.000000
24256371946035,0.000000
24256378229839,0.000000
24256389536922,0.000000
24256395776751,0.000000
24256402067205,0.000000
24256413576891,0.000000
24256419897838,0.000000
24256426161105,0.000000
24256437473626,0.000000
24256443708293,0.000000
24256455063600,0.000000
24256461315807,0.000000
24256467557534,0.000000
24256479035715,0.000000
24256485232904,0.000000
24256491438397,0.000000
24256502752145,0.000000
24256509056970,0.000000
24256515305873,0.000000
24256526649590,0.000000
24256532887724,0.000000
24256539061383,0.000000
24256550375490,0.000000
24256556650245,0.000000
24256562939715,0.000000
24256574261222,0.000000
24256580504981,0.000000
24256591856717,0.000000
24256598066153,0.000000
24256604267038,0.000000
24256615567971,0.000000
24256621781993,0.000000
24256633071216,0.000000
24256639277828,0.000000
24256645508700,0.000000
24256656888679,0.000000
24256663220230,0.000000
24256669450747,0.000000
24256680746433,0.000000
24256686964578,0.000000
24256693146999,0.000000
24256704562513,0.000000
24256710816459,0.000000
24256717061854,0.000000
24256728404542,0.000000
24256734586496,0.000000
24256745916906,0.000000
24256752134496,0.000000
24256758323965,0.000000
24256769595675,0.000000
24256775755629,0.000000
24256781931427,0.000000
24256793182313,0.000000
24256799422226,0.000000
24256810655005,0.000000
24256816804220,0.000000
24256822985158,0.000000
24256834222743,0.000000
24256840447224,0.000000
24256846797463,0.000000
24256858165396,0.000000
24256864399739,0.000000
24256875760090,0.000000
24256882205359,0.000000
24256888501235,0.000000
24256894708656,0.000000
24256906016589,0.000000
24256912270460,0.000000
24256918525403,0.000000
24256929961119,0.000000
24256936211610,0.000000
24256942724576,0.000000
24256954204732,0.000000
24256960493962,0.000000
24256966879430,0.000000
24256978315474,0.000000
24256984631383,0.000000
24256995982901,0.000000
24257002240039,0.000000
24257008511303,0.000000
24257020022731,0.000000
24257026296665,0.000000
24257032603540,0.000000
24257043971288,0.000000
24257050248370,0.000000
24257056490738,0.000000
24257067882048,0.000000
24257074108292,0.000000
24257080345027,0.000000
24257091658082,0.000000
24257097890759,0.000000
24257109184169,0.000000
24257115448868,0.000000
24257121692746,0.000000
24257133026645,0.000000
24257139261165,0.000000
24257145510156,0.000000
24257156838491,0.000000
24257163093439,0.000000
24257169319125,0.000000
24257180646046,0.000000
24257186870979,0.000000
24257193147156,0.000000
24257204472552,0.000000
24257210702872,0.000000
24257216959277,0.000000
24257228298866,0.000000
24257234504312,0.000000
24257245870564,0.000000
24257252091579,0.000000
24257258329496,0.000000
24257269659388,0.000000
24257275869873,0.000000
24257282023358,0.000000
24257293234932,0.000000
24257299397993,0.000000
24257305617598,0.000000
24257316831197,0.000000
24257323019602,0.000000
24257334294838,0.000000
24257340497169,0.000000
24257346650586,0.000000
24257357929356,0.000000
24257364139166,0.000000
24257375454530,0.000000
24257381678496,0.000000
24257387900755,0.000000
24257399350225,0.000000
24257405634715,0.000000
24257411860834,0.000000
24257423180163,0.000000
24257429385264,0.000000
24257435816671,0.000000
24257447197648,0.000000
24257453457876,0.000000
24257464784123,0.000000
24257471025638,0.000000
24257477248555,0.000000
24257488669110,0.000000
24257495103471,0.000000
24257501367216,0.000000
24257512715027,0.000000
24257518947825,0.000000
24257525222348,0.000000
24257536595455,0.000000
24257542856551,0.000000
24257549119123,0.000000
24257560427433,0.000000
24257566659801,0.000000
24257572924833,0.000000
24257584204810,0.000000
24257590431090,0.000000
24257601800769,0.000000
24257608271929,0.000000
24257614653043,0.000000
24257620885187,0.000000
24257632164551,0.000000
24257638362245,0.000000
24257649626120,0.000000
24257655823935,0.000000
24257662034507,0.000000
24257673326787,0.000000
24257679633325,0.000000
24257685864622,0.000000
24257697171536,0.000000
24257703405011,0.000000
24257709661266,0.000000
24257721095349,0.000000
24257727338650,0.000000
24257738682408,0.000000
24257744950382,0.000000
24257751182472,0.000000
24257762551454,0.000000
24257768813577,0.000000
24257775050311,0.000000
24257786357320,0.000000
24257792632993,0.000000
24257798883583,0.000000
24257810213420,0.000000
24257816530125,0.000000
24257822779733,0.000000
24257834159801,0.000000
24257840425888,0.000000
24257851861212,0.000000
24257858097752,0.000000
24257864342119,0.000000
24257875773146,0.000000
24257882143826,0.000000
24257888359059,0.000000
24257899662715,0.000000
24257905913462,0.000000
24257912148684,0.000000
24257923505337,0.000000
24257929764167,0.000000
24257936008701,0.000000
24257947336999,0.000000
24257953578306,0.000000
24257959863470,0.000000
24257971175660,0.000000
24257977438435,0.000000
24257988832400,0.000000
24257995070297,0.000000
24258001249917,0.000000
24258012574719,0.000000
24258018896286,0.000000
24258025051269,0.000000
24258036349519,0.000000
24258042555190,0.000000
24258048752064,0.000000
24258060042406,0.000000
24258066230953,0.000000
24258077501945,0.000000
24258083819420,0.000000
24258090033064,0.000000
24258101308558,0.000000
24258107516701,0.000000
24258113735488,0.000000
24258124993704,0.000000
24258131204020,0.000000
24258137377351,0.000000
24258148683070,0.000000
24258154863242,0.000000
24258166149676,0.000000
24258172343233,0.000000
24258178543157,0.000000
24258189834149,0.000000
24258196065887,0.000000
24258202254084,0.000000
24258213545174,0.000000
24258219737814,0.000000
24258225903949,0.000000
24258237098873,0.000000
24258243252321,0.000000
24258254459078,0.000000
24258260636005,0.000000
24258266773483,0.000000
24258277985231,0.000000
24258284086439,0.000000
24258290225752,0.000000
24258301461247,0.000000
24258307726695,0.000000
24258319031663,0.000000
24258325199183,0.000000
24258331396654,0.000000
24258342720983,0.000000
24258348928147,0.000000
24258355123226,0.000000
24258366461048,0.000000
24258372720365,0.000000
24258384069803,0.000000
24258390289132,0.000000
24258396497212,0.000000
24258407777953,0.000000
24258414042467,0.000000
24258420221937,0.000000
24258431533439,0.000000
24258437708869,0.000000
24258448979302,0.000000
24258455124126,0.000000
24258461295978,0.000000
24258472541348,0.000000
24258478972519,0.000000
24258485378059,0.000000
24258496795897,0.000000
24258503083848,0.000000
24258509273147,0.000000
24258520602253,0.000000
24258526798035,0.000000
24258533043065,0.000000
24258544305802,0.000000
24258550500147,0.000000
24258556668077,0.000000
24258567903095,0.000000
24258574073197,0.000000
24258585364803,0.000000
24258591566942,0.000000
24258597777767,0.000000
24258609056987,0.000000
24258615269524,0.000000
24258626611538,0.000000
24258632901139,0.000000
24258639168945,0.000000
24258650447830,0.000000
24258656639665,0.000000
24258662874346,0.000000
24258674165754,0.000000
24258680387907,0.000000
24258686576161,0.000000
24258697840512,0.000000
24258704031170,0.000000
24258715414340,0.000000
24258721671102,0.000000
24258727906004,0.000000
24258739216696,0.000000
24258745505563,0.000000
24258751726606,0.000000
24258763085764,0.000000
24258769284600,0.000000
24258775474642,0.000000
24258786712348,0.000000
24258792869518,0.000000
24258804111432,0.000000
24258810300604,0.000000
24258816464358,0.000000
24258827693060,0.000000
24258833860864,0.000000
24258840146045,0.000000
24258851510284,0.000000
24258857912183,0.000000
24258864347753,0.000000
24258875800758,0.000000
24258882099937,0.000000
24258888302845,0.000000
24258899783468,0.000000
24258906117479,0.000000
24258912357223,0.000000
24258923636928,0.000000
24258929845638,0.000000
24258936095546,0.000000
24258947340526,0.000000
24258953547586,0.000000
24258964892907,0.000000
24258971028741,0.000000
24258977174826,0.000000
24258988474712,0.000000
24258994666698,0.000000
24259000887050,0.000000
24259012146056,0.000000
24259018336583,0.000000
24259029667020,0.000000
24259035858389,0.000000
24259042124836,0.000000
24259053420170,0.000000
24259059650715,0.000000
24259065850091,0.000000
24259077156907,0.000000
24259083392878,0.000000
24259094690145,0.000000
24259100917507,0.000000
24259107130159,0.000000
24259118404831,0.000000
24259124658704,0.000000
24259130947321,0.000000
24259142297248,0.000000
24259148929995,0.000000
24259155128735,0.000000
24259166419033,0.000000
24259172635639,0.000000
24259178857998,0.000000
24259190149773,0.000000
24259196334810,0.000000
24259207588689,0.000000
24259213794723,0.000000
24259219994878,0.000000
24259231290650,0.000000
24259237526266,0.000000
24259243774109,0.000000
24259255193095,0.000000
24259261471678,0.000000
24259267936162,0.000000
24259279275102,0.000000
24259285552669,0.000000
24259291783688,0.000000
24259303157340,0.000000
24259309403711,0.000000
24259315798074,0.000000
24259327305358,0.000000
24259333688108,0.000000
24259340049083,0.000000
24259351412203,0.000000
24259357632431,0.000000
24259363890905,0.000000
24259375210088,0.000000
24259381480235,0.000000
24259393100508,0.000000
24259399400963,0.000000
24259405755986,0.000000
24259412053144,0.000000
24259423446366,0.000000
24259429773822,0.000000
24259436053783,0.000000
24259447494942,0.000000
24259453762632,0.000000
24259465083121,0.000000
24259471255745,0.000000
24259477460812,0.000000
24259488834214,0.000000
24259495105974,0.000000
24259501350490,0.000000
24259512747803,0.000000
24259519031489,0.000000
24259525336974,0.000000
24259536698586,0.000000
24259543090466,0.000000
24259554418231,0.000000
24259560685703,0.000000
24259566930025,0.000000
24259578373062,0.000000
24259584673977,0.000000
24259590910152,0.000000
24259602330891,0.000000
24259608640179,0.000000
24259614921735,0.000000
24259626217754,0.000000
24259632473446,0.000000
24259638672821,0.000000
24259649956208,0.000000
24259656132823,0.000000
24259667407871,0.000000
24259673616070,0.000000
24259679790647,0.000000
24259691056010,0.000000
24259697251270,0.000000
24259703482814,0.000000
24259714773806,0.000000
24259721048174,0.000000
24259727373351,0.000000
24259738713045,0.000000
24259744966651,0.000000
24259751158196,0.000000
24259762419094,0.000000
24259768581823,0.000000
24259779835315,0.000000
24259785987175,0.000000
24259792155926,0.000000
24259803424388,0.000000
24259809620835,0.000000
24259815780615,0.000000
24259827020458,0.000000
24259833210912,0.000000
24259844452622,0.000000
24259850658584,0.000000
24259856844342,0.000000
24259868136418,0.000000
24259874335676,0.000000
24259880606660,0.000000
24259891878265,0.000000
24259898062365,0.000000
24259909332888,0.000000
24259915527524,0.000000
24259921713130,0.000000
24259933034575,0.000000
24259939240909,0.000000
24259945489964,0.000000
24259956803390,0.000000
24259963053469,0.000000
24259969275316,0.000000
24259980578547,0.000000
24259986806456,0.000000
24259998085290,0.000000
24260004259806,0.000000
24260010490616,0.000000
24260021898360,0.000000
24260028201805,0.000000
24260034398190,0.000000
24260045798211,0.000000
24260052041228,0.000000
24260058246705,0.000000
24260069563530,0.000000
24260075772111,0.000000
24260082094434,0.000000
24260093376912,0.000000
24260099720374,0.000000
24260111083491,0.000000
24260117304366,0.000000
24260123481963,0.000000
24260134735741,0.000000
24260140932720,0.000000
24260147267717,0.000000
24260158581690,0.000000
24260164804594,0.000000
24260171039123,0.000000
24260182513344,0.000000
24260188934253,0.000000
24260195235937,0.000000
24260206705993,0.000000
24260212961973,0.000000
24260224306801,0.000000
24260230651870,0.000000
24260236933218,0.000000
24260248285923,0.000000
24260254520351,0.000000
24260261021718,0.000000
24260267371742,0.000000
24260278796402,0.000000
24260285103636,0.000000
24260296444186,0.000000
24260302715348,0.000000
24260308987795,0.000000
24260320553937,0.000000
24260327195693,0.000000
24260333501879,0.000000
24260339739159,0.000000
24260351181334,0.000000
24260357413926,0.000000
24260368738634,0.000000
24260375044328,0.000000
24260381305904,0.000000
24260392677461,0.000000
24260399065662,0.000000
24260405296625,0.000000
24260416598970,0.000000
24260422803810,0.000000
24260429036420,0.000000
24260440424489,0.000000
24260446813263,0.000000
24260458154742,0.000000
24260464400063,0.000000
24260470651199,0.000000
24260481995306,0.000000
24260488181765,0.000000
24260494361295,0.000000
24260505637640,0.000000
24260511787865,0.000000
24260523079478,0.000000
24260529408681,0.000000
24260535759106,0.000000
24260542225047,0.000000
24260553544017,0.000000
24260559760681,0.000000
24260571034295,0.000000
24260577226054,0.000000
24260583833268,0.000000
24260595171300,0.000000
24260601434153,0.000000
24260607643300,0.000000
24260618951789,0.000000
24260625133572,0.000000
24260631319622,0.000000
24260642569358,0.000000
24260648755772,0.000000
24260659999764,0.000000
24260666226171,0.000000
24260672401082,0.000000
24260683739100,0.000000
24260689943193,0.000000
24260696169623,0.000000
24260707455903,0.000000
24260713704508,0.000000
24260724994157,0.000000
24260731370578,0.000000
24260737588265,0.000000
24260748833702,0.000000
24260754999566,0.000000
24260761160847,0.000000
24260772433266,0.000000
24260778633456,0.000000
24260784774348,0.000000
24260796086641,0.000000
24260802223721,0.000000
24260813481906,0.000000
24260819663752,0.000000
24260825805740,0.000000
24260837078162,0.000000
24260843299713,0.000000
24260849503123,0.000000
24260860781484,0.000000
24260866966250,0.000000
24260878219685,0.000000
24260884434088,0.000000
24260890657758,0.000000
24260902027491,0.000000
24260908293099,0.000000
24260914570404,0.000000
24260925964971,0.000000
24260932299918,0.000000
24260938632279,0.000000
24260950053722,0.000000
24260956310011,0.000000
24260962595879,0.000000
24260974285425,0.000000
24260980684107,0.000000
24260987224122,0.000000
24260998687003,0.000000
24261005114510,0.000000
24261011274990,0.000000
24261022543539,0.000000
24261028753539,0.000000
24261034962243,0.000000
24261046225597,0.000000
24261052416217,0.000000
24261058595040,0.000000
24261069851427,0.000000
24261076066755,0.000000
24261087386207,0.000000
24261093622291,0.000000
24261099824221,0.000000
24261111085236,0.000000
24261117269063,0.000000
24261123459201,0.000000
24261134713829,0.000000
24261140893669,0.000000
24261152162619,0.000000
24261158415502,0.000000
24261164634364,0.000000
24261175944119,0.000000
24261182194415,0.000000
24261188417895,0.000000
24261199922442,0.000000
24261206223411,0.000000
24261217627333,0.000000
24261223902770,0.000000
24261230179319,0.000000
24261236434498,0.000000
24261247792662,0.000000
24261254049198,0.000000
24261260252645,0.000000
24261271608128,0.000000
24261277812157,0.000000
24261289145845,0.000000
24261295312981,0.000000
24261301524109,0.000000
24261312753225,0.000000
24261318929809,0.000000
24261325089037,0.000000
24261336336513,0.000000
24261342510541,0.000000
24261353754037,0.000000
24261359930774,0.000000
24261366104319,0.000000
24261377408275,0.000000
24261383871095,0.000000
24261390109678,0.000000
24261401428856,0.000000
24261407685943,0.000000
24261419050437,0.000000
24261425292766,0.000000
24261431524887,0.000000
24261442781005,0.000000
24261448977233,0.000000
24261455144499,0.000000
24261466478531,0.000000
24261472705775,0.000000
24261478901577,0.000000
24261490181348,0.000000
24261496451441,0.000000
24261502646835,0.000000
24261513931911,0.000000
24261520139879,0.000000
24261526322833,0.000000
24261537571804,0.000000
24261543748286,0.000000
24261555046857,0.000000
24261561254106,0.000000
24261567417450,0.000000
24261578750056,0.000000
24261584999224,0.000000
24261591190486,0.000000
24261602477021,0.000000
24261608691671,0.000000
24261620012108,0.000000
24261626197015,0.000000
24261632369138,0.000000
24261643628170,0.000000
24261649835663,0.000000
24261656085405,0.000000
24261667423790,0.000000
24261673630268,0.000000
24261679810136,0.000000
24261691058674,0.000000
24261697236777,0.000000
24261708541420,0.000000
24261714819985,0.000000
24261721017572,0.000000
24261732288994,0.000000
24261738526119,0.000000
24261744724430,0.000000
24261756030849,0.000000
24261762257751,0.000000
24261768531921,0.000000
24261779908651,0.000000
24261786121659,0.000000
24261797409309,0.000000
24261803628101,0.000000
24261809863166,0.000000
24261821229489,0.000000
24261827462974,0.000000
24261833770156,0.000000
24261845101271,0.000000
24261851368424,0.000000
24261857599671,0.000000
24261868932629,0.000000
24261875148033,0.000000
24261881383211,0.000000
24261892735717,0.000000
24261899027217,0.000000
24261905210670,0.000000
24261916553029,0.000000
24261922834106,0.000000
24261934222545,0.000000
24261940511896,0.000000
24261946755119,0.000000
24261958097868,0.000000
24261964344436,0.000000
24261970557545,0.000000
24261981990701,0.000000
24261988288217,0.000000
24261994543375,0.000000
24262005814738,0.000000
24262012038207,0.000000
24262023303131,0.000000
24262029536935,0.000000
24262035773658,0.000000
24262047101088,0.000000
24262053478765,0.000000
24262059683962,0.000000
24262070994617,0.000000
24262077290403,0.000000
24262083598424,0.000000
24262094908846,0.000000
24262101139114,0.000000
24262112456952,0.000000
24262118679221,0.000000
24262124886735,0.000000
24262136172197,0.000000
24262142361691,0.000000
24262148571748,0.000000
24262159866495,0.000000
24262166113882,0.000000
24262172335805,0.000000
24262183711200,0.000000
24262189934638,0.000000
24262196134951,0.000000
24262207471747,0.000000
24262213711561,0.000000
24262219947239,0.000000
24262231287937,0.000000
24262237456016,0.000000
24262248803469,0.000000
24262255050085,0.000000
24262261196204,0.000000
24262272434639,0.000000
24262278634071,0.000000
24262289848095,0.000000
24262296051285,0.000000
24262302192402,0.000000
24262313441493,0.000000
24262319656829,0.000000
24262325824594,0.000000
24262337069827,0.000000
24262343200338,0.000000
24262354404488,0.000000
24262360585829,0.000000
24262366803081,0.000000
24262378134692,0.000000
24262384326929,0.000000
24262390556782,0.000000
24262401853609,0.000000
24262408073672,0.000000
24262414276217,0.000000
24262425607366,0.000000
24262431846917,0.000000
24262438070355,0.000000
24262449371203,0.000000
24262455615282,0.000000
24262467110871,0.000000
24262473393800,0.000000
24262479645750,0.000000
24262491035227,0.000000
24262497222825,0.000000
24262503367478,0.000000
24262514622955,0.000000
24262520857785,0.000000
24262527058172,0.000000
24262538384897,0.000000
24262544591522,0.000000
24262550807063,0.000000
24262562085772,0.000000
24262568373308,0.000000
24262574623166,0.000000
24262585952857,0.000000
24262592149966,0.000000
24262603493230,0.000000
24262609730233,0.000000
24262615936135,0.000000
24262627286181,0.000000
24262633530383,0.000000
24262639748355,0.000000
24262651058958,0.000000
24262657274004,0.000000
24262663631711,0.000000
24262674969537,0.000000
24262681206147,0.000000
24262692548195,0.000000
24262698839060,0.000000
24262705043333,0.000000
24262716340132,0.000000
24262722543863,0.000000
24262728740842,0.000000
24262740051474,0.000000
24262746250776,0.000000
24262752465752,0.000000
24262763741031,0.000000
24262769938133,0.000000
24262781220445,0.000000
24262787402001,0.000000
24262793600578,0.000000
24262804918827,0.000000
24262811116174,0.000000
24262817295321,0.000000
24262828635608,0.000000
24262834882416,0.000000
24262841052332,0.000000
24262852308575,0.000000
24262858529564,0.000000
24262869794937,0.000000
24262875999921,0.000000
24262882192235,0.000000
24262893450229,0.000000
24262899665899,0.000000
24262910986040,0.000000
24262917239726,0.000000
24262923432240,0.000000
24262934765156,0.000000
24262941047115,0.000000
24262947296447,0.000000
24262958773107,0.000000
24262965067675,0.000000
24262971247311,0.000000
24262982589152,0.000000
24262988852317,0.000000
24262995140846,0.000000
24263006425899,0.000000
24263012609115,0.000000
24263023912983,0.000000
24263030120888,0.000000
24263036310147,0.000000
24263047627176,0.000000
24263053809649,0.000000
24263060009448,0.000000
24263071289562,0.000000
24263077487836,0.000000
24263083723309,0.000000
24263095063263,0.000000
24263101340678,0.000000
24263112657409,0.000000
24263118894311,0.000000
24263125111230,0.000000
24263136375680,0.000000
24263142566405,0.000000
24263148751259,0.000000
24263160028954,0.000000
24263166238786,0.000000
24263172411424,0.000000
24263183652810,0.000000
24263189848737,0.000000
24263201236720,0.000000
24263207431146,0.000000
24263213661959,0.000000
24263224965746,0.000000
24263231168536,0.000000
24263237353462,0.000000
24263248590077,0.000000
24263254738211,0.000000
24263260870344,0.000000
24263272123748,0.000000
24263278293142,0.000000
24263289598639,0.000000
24263295760212,0.000000
24263301915126,0.000000
24263313138833,0.000000
24263319297022,0.000000
24263325474556,0.000000
24263336691732,0.000000
24263342855638,0.000000
24263354179932,0.000000
24263360475466,0.000000
24263366730998,0.000000
24263378087786,0.000000
24263384344975,0.000000
24263390566736,0.000000
24263401885199,0.000000
24263408092893,0.000000
24263414334627,0.000000
24263425722078,0.000000
24263431992533,0.000000
24263443308868,0.000000
24263449560938,0.000000
24263455799982,0.000000
24263467141765,0.000000
24263473382539,0.000000
24263479683507,0.000000
24263491050027,0.000000
24263497300983,0.000000
24263503505449,0.000000
24263514783093,0.000000
24263521026394,0.000000
24263527251299,0.000000
24263538595244,0.000000
24263544859715,0.000000
24263556286651,0.000000
24263562579322,0.000000
24263568835281,0.000000
24263580134832,0.000000
24263586505293,0.000000
24263592790928,0.000000
24263604177388,0.000000
24263610408221,0.000000
24263616634646,0.000000
24263627961307,0.000000
24263634194170,0.000000
24263640413131,0.000000
24263651859250,0.000000
24263658269834,0.000000
24263664693398,0.000000
24263676200225,0.000000
24263682553512,0.000000
24263688929453,0.000000
24263700478256,0.000000
24263706870627,0.000000
24263713377319,0.000000
24263724999919,0.000000
24263731342088,0.000000
24263737728844,0.000000
24263749227054,0.000000
24263755565049,0.000000
24263761842064,0.000000
24263773231520,0.000000
24263779494479,0.000000
24263785776376,0.000000
24263797094147,0.000000
24263803338004,0.000000
24263814680337,0.000000
24263820914859,0.000000
24263827222844,0.000000
24263838608486,0.000000
24263844990144,0.000000
24263851304104,0.000000
24263862678219,0.000000
24263869080541,0.000000
24263875316325,0.000000
24263886695130,0.000000
24263892996993,0.000000
24263899298523,0.000000
24263910590841,0.000000
24263916781957,0.000000
24263922964938,0.000000
24263934218105,0.000000
24263940402135,0.000000
24263951726814,0.000000
24263957997208,0.000000
24263964234182,0.000000
24263975476092,0.000000
24263981642451,0.000000
24263987879269,0.000000
24263999270526,0.000000
24264005470482,0.000000
24264016743757,0.000000
24264023011929,0.000000
24264029321067,0.000000
24264040709504,0.000000
24264047029771,0.000000
24264053265662,0.000000
24264064632013,0.000000
24264070904992,0.000000
24264077187252,0.000000
24264088526493,0.000000
24264094766507,0.000000
24264101023164,0.000000
24264112305131,0.000000
24264118549897,0.000000
24264124796337,0.000000
24264136156991,0.000000
24264142374257,0.000000
24264153755405,0.000000
24264160051239,0.000000
24264166316390,0.000000
24264177708839,0.000000
24264183928273,0.000000
24264190119776,0.000000
24264201400734,0.000000
24264207628735,0.000000
24264213791423,0.000000
24264225047410,0.000000
24264231312410,0.000000
24264237581644,0.000000
24264248820033,0.000000
24264254995703,0.000000
24264266321007,0.000000
24264272498754,0.000000
24264278653892,0.000000
24264289911279,0.000000
24264296084679,0.000000
24264302248739,0.000000
24264313485731,0.000000
24264319653582,0.000000
24264330899702,0.000000
24264337100748,0.000000
24264343248462,0.000000
24264354460387,0.000000
24264360619959,0.000000
24264366834379,0.000000
24264378203252,0.000000
24264384493587,0.000000
24264395750109,0.000000
24264401939969,0.000000
24264408131958,0.000000
24264419436024,0.000000
24264425650009,0.000000
24264431865006,0.000000
24264443200626,0.000000
24264449459379,0.000000
24264455661932,0.000000
24264467025682,0.000000
24264473245609,0.000000
24264484695748,0.000000
24264490946853,0.000000
24264497143972,0.000000
24264508431589,0.000000
24264514620086,0.000000
24264520806831,0.000000
24264532115638,0.000000
24264538400743,0.000000
24264544601688,0.000000
24264555914456,0.000000
24264562145598,0.000000
24264568456469,0.000000
24264579807904,0.000000
24264586098295,0.000000
24264592405640,0.000000
24264603819784,0.000000
24264610077594,0.000000
24264621454367,0.000000
24264627699142,0.000000
24264633947783,0.000000
24264645237187,0.000000
24264651504354,0.000000
24264657721797,0.000000
24264669147110,0.000000
24264675457626,0.000000
24264681676034,0.000000
24264692937171,0.000000
24264699235680,0.000000
24264705592632,0.000000
24264716917778,0.000000
24264723133104,0.000000
24264729394289,0.000000
24264740946039,0.000000
24264747146209,0.000000
24264758471933,0.000000
24264764715183,0.000000
24264770933937,0.000000
24264782251034,0.000000
24264788457453,0.000000
24264794642795,0.000000
24264805945578,0.000000
24264812130758,0.000000
24264823425664,0.000000
24264829631584,0.000000
24264835828676,0.000000
24264847178978,0.000000
24264853497808,0.000000
24264859823581,0.000000
24264871222835,0.000000
24264877495541,0.000000
24264883783488,0.000000
24264895115351,0.000000
24264901340243,0.000000
24264912736046,0.000000
24264919167303,0.000000
24264925378578,0.000000
24264936920283,0.000000
24264943306974,0.000000
24264949606250,0.000000
24264960981364,0.000000
24264967272532,0.000000
24264973508305,0.000000
24264984850318,0.000000
24264991086703,0.000000
24264997379226,0.000000
24265008801982,0.000000
24265015008722,0.000000
24265021168013,0.000000
24265032479055,0.000000
24265038714214,0.000000
24265050088861,0.000000
24265056332157,0.000000
24265062651625,0.000000
24265074104230,0.000000
24265080378467,0.000000
24265086625616,0.000000
24265097958811,0.000000
24265104198453,0.000000
24265110452371,0.000000
24265121898048,0.000000
24265128149906,0.000000
24265134443847,0.000000
24265145789891,0.000000
24265152045412,0.000000
24265158219054,0.000000
24265169529600,0.000000
24265175805184,0.000000
24265187138833,0.000000
24265193451483,0.000000
24265199830684,0.000000
24265211419110,0.000000
24265217829788,0.000000
24265224280401,0.000000
24265230585592,0.000000
24265242027827,0.000000
24265248206237,0.000000
24265259606711,0.000000
24265265939211,0.000000
24265272238319,0.000000
24265278460284,0.000000
24265289965771,0.000000
24265296206492,0.000000
24265307455986,0.000000
24265313722632,0.000000
24265319986225,0.000000
24265331307430,0.000000
24265337537447,0.000000
24265343794972,0.000000
24265355238358,0.000000
24265361589437,0.000000
24265367927360,0.000000
24265379335456,0.000000
24265385722854,0.000000
24265392043208,0.000000
24265403317435,0.000000
24265409514147,0.000000
24265420803299,0.000000
24265426977817,0.000000
24265433097668,0.000000
24265444345225,0.000000
24265450556994,0.000000
24265456748264,0.000000
24265468058955,0.000000
24265474194996,0.000000
24265480324310,0.000000
24265491522589,0.000000
24265497656571,0.000000
24265508895126,0.000000
24265515058025,0.000000
24265521228629,0.000000
24265532424815,0.000000
24265538591461,0.000000
24265544755567,0.000000
24265555974705,0.000000
24265562089546,0.000000
24265573292259,0.000000
24265579437617,0.000000
24265585587860,0.000000
24265596807528,0.000000
24265603061790,0.000000
24265609217389,0.000000
24265620454568,0.000000
24265626667387,0.000000
24265637954525,0.000000
24265644132918,0.000000
24265650314010,0.000000
24265661599937,0.000000
24265667825519,0.000000
24265679126437,0.000000
24265685276798,0.000000
24265691413459,0.000000
24265702618557,0.000000
24265708779954,0.000000
24265714967454,0.000000
24265726195932,0.000000
24265732376412,0.000000
24265743603036,0.000000
24265749772049,0.000000
24265755925247,0.000000
24265767150967,0.000000
24265773288441,0.000000
24265779421429,0.000000
24265790618381,0.000000
24265796757579,0.000000
24265807991422,0.000000
24265814137312,0.000000
24265820269884,0.000000
24265826404074,0.000000
24265837627795,0.000000
24265843769188,0.000000
24265854992405,0.000000
24265861083665,0.000000
24265867219857,0.000000
24265878454500,0.000000
24265884603993,0.000000
24265895796371,0.000000
24265901979757,0.000000
24265908077348,0.000000
24265919273345,0.000000
24265925409063,0.000000
24265931571495,0.000000
24265942770062,0.000000
24265948929277,0.000000
24265960166828,0.000000
24265966310871,0.000000
24265972475136,0.000000
24265983762754,0.000000
24265990047354,0.000000
24265996229357,0.000000
24266007431101,0.000000
24266013641653,0.000000
24266024956368,0.000000
24266031131912,0.000000
24266037315030,0.000000
24266048601702,0.000000
24266054812699,0.000000
24266061084941,0.000000
24266072478636,0.000000
24266078676442,0.000000
24266089979440,0.000000
24266096203368,0.000000
24266102396795,0.000000
24266113721798,0.000000
24266120195898,0.000000
24266131615165,0.000000
24266137858272,0.000000
24266144058613,0.000000
24266155365060,0.000000
24266161615394,0.000000
24266167843573,0.000000
24266179141528,0.000000
24266185332295,0.000000
24266191497345,0.000000
24266202847652,0.000000
24266209067107,0.000000
24266215370805,0.000000
24266226745851,0.000000
24266232942116,0.000000
24266239112102,0.000000
24266250375386,0.000000
24266256514254,0.000000
24266267750680,0.000000
24266273959306,0.000000
24266280114628,0.000000
24266291330508,0.000000
24266297502138,0.000000
24266308748885,0.000000
24266314918122,0.000000
24266321079097,0.000000
24266332331353,0.000000
24266338505608,0.000000
24266344753960,0.000000
24266356108346,0.000000
24266362322378,0.000000
24266373668334,0.000000
24266379863184,0.000000
24266386103348,0.000000
24266397426497,0.000000
24266403657701,0.000000
24266409870269,0.000000
24266421143251,0.000000
24266427330951,0.000000
24266433520452,0.000000
24266444789718,0.000000
24266451013638,0.000000
24266457275512,0.000000
24266468575120,0.000000
24266474756805,0.000000
24266486077657,0.000000
24266492280377,0.000000
24266498490349,0.000000
24266509817353,0.000000
24266516008500,0.000000
24266522181926,0.000000
24266533438199,0.000000
24266539624701,0.000000
24266550890022,0.000000
24266557064990,0.000000
24266563248657,0.000000
24266574626117,0.000000
24266580822622,0.000000
24266592083054,0.000000
24266598286017,0.000000
24266604500986,0.000000
24266615765338,0.000000
24266621950928,0.000000
24266628126531,0.000000
24266639407143,0.000000
24266645635970,0.000000
24266651826569,0.000000
24266663195629,0.000000
24266669430880,0.000000
24266680779581,0.000000
24266687042872,0.000000
24266693256350,0.000000
24266704573824,0.000000
24266710829067,0.000000
24266717047167,0.000000
24266728315005,0.000000
24266734505982,0.000000
24266740654774,0.000000
24266751880508,0.000000
24266758067886,0.000000
24266764223636,0.000000
24266775450836,0.000000
24266781590310,0.000000
24266792863919,0.000000
24266799034095,0.000000
24266805186281,0.000000
24266816391158,0.000000
24266822530731,0.000000
24266833740537,0.000000
24266839880833,0.000000
24266846056812,0.000000
24266857275293,0.000000
24266863461411,0.000000
24266869660015,0.000000
24266880947048,0.000000
24266887159238,0.000000
24266893359644,0.000000
24266904739260,0.000000
24266910971543,0.000000
24266922383235,0.000000
24266928719130,0.000000
24266935051574,0.000000
24266946487442,0.000000
24266952728803,0.000000
24266958945480,0.000000
24266970299217,0.000000
24266976561443,0.000000
24266982759691,0.000000
24266994100355,0.000000
24267000287886,0.000000
24267006441968,0.000000
24267017728924,0.000000
24267023928708,0.000000
24267035220054,0.000000
24267041408887,0.000000
24267047622145,0.000000
24267058942768,0.000000
24267065186861,0.000000
24267071431583,0.000000
24267082754739,0.000000
24267089054908,0.000000
24267095239955,0.000000
24267106511416,0.000000
24267112707524,0.000000
24267124082275,0.000000
24267130278632,0.000000
24267136536008,0.000000
24267147805521,0.000000
24267154079656,0.000000
24267160258029,0.000000
24267171545120,0.000000
24267177730476,0.000000
24267183914133,0.000000
24267195208676,0.000000
24267201400337,0.000000
24267212676096,0.000000
24267218872289,0.000000
24267225048369,0.000000
24267236368512,0.000000
24267242586903,0.000000
24267253872368,0.000000
24267260071825,0.000000
24267266248899,0.000000
24267277519287,0.000000
24267283708497,0.000000
24267294964227,0.000000
24267301126249,0.000000
24267307299565,0.000000
24267318585180,0.000000
24267324773500,0.000000
24267336150591,0.000000
24267342373206,0.000000
24267348598746,0.000000
24267359893054,0.000000
24267366115181,0.000000
24267372344045,0.000000
24267383621489,0.000000
24267389810827,0.000000
24267401081943,0.000000
24267407278629,0.000000
24267413466468,0.000000
24267424811473,0.000000
24267431020342,0.000000
24267437204210,0.000000
24267448467310,0.000000
24267454690404,0.000000
24267465983358,0.000000
24267472180259,0.000000
24267478351381,0.000000
24267489602804,0.000000
24267495847021,0.000000
24267502079256,0.000000
24267513372329,0.000000
24267519625263,0.000000
24267530904417,0.000000
24267537050954,0.000000
24267548328277,0.000000
24267554548508,0.000000
24267560722911,0.000000
24267572010328,0.000000
24267578204519,0.000000
24267584392624,0.000000
24267595679542,0.000000
24267601898515,0.000000
24267613188948,0.000000
24267619436250,0.000000
24267625618520,0.000000
24267636876118,0.000000
24267643052932,0.000000
24267649238072,0.000000
24267660573544,0.000000
24267666780657,0.000000
24267672972283,0.000000
24267684196604,0.000000
24267690387805,0.000000
24267701643967,0.000000
24267707826530,0.000000
24267714022524,0.000000
24267725294091,0.000000
24267731546787,0.000000
24267737741385,0.000000
24267748972072,0.000000
24267755118944,0.000000
24267761263002,0.000000
24267772488766,0.000000
24267778632686,0.000000
24267789860144,0.000000
24267796048715,0.000000
24267802224968,0.000000
24267813462022,0.000000
24267819631238,0.000000
24267830948213,0.000000
24267837098101,0.000000
24267843292193,0.000000
24267849464760,0.000000
24267860749783,0.000000
24267866981328,0.000000
24267878330930,0.000000
24267884573341,0.000000
24267890779257,0.000000
24267902119603,0.000000
24267908321757,0.000000
24267919743054,0.000000
24267926041950,0.000000
24267932293893,0.000000
24267943650203,0.000000
24267949912919,0.000000
24267956139682,0.000000
24267967425071,0.000000
24267973617013,0.000000
24267979796367,0.000000
24267991167998,0.000000
24267997393002,0.000000
24268003663134,0.000000
24268014910816,0.000000
24268021100046,0.000000
24268032315501,0.000000
24268038472684,0.000000
24268044606610,0.000000
24268055808367,0.000000
24268062018542,0.000000
24268068211651,0.000000
24268079473954,0.000000
24268085669287,0.000000
24268096945225,0.000000
24268103317506,0.000000
24268109794912,0.000000
24268116094096,0.000000
24268127355032,0.000000
24268133550467,0.000000
24268139723194,0.000000
24268150973855,0.000000
24268157230852,0.000000
24268168551893,0.000000
24268174738902,0.000000
24268180931719,0.000000
24268192227515,0.000000
24268198475469,0.000000
24268209805421,0.000000
24268216014344,0.000000
24268222206739,0.000000
24268233467428,0.000000
24268239669216,0.000000
24268245858039,0.000000
24268257137054,0.000000
24268263344630,0.000000
24268269528395,0.000000
24268280794771,0.000000
24268287017450,0.000000
24268298485747,0.000000
24268304740712,0.000000
24268310940692,0.000000
24268322211619,0.000000
24268328390239,0.000000
24268334608305,0.000000
24268345858230,0.000000
24268352050737,0.000000
24268358224079,0.000000
24268369503705,0.000000
24268375729946,0.000000
24268386997309,0.000000
24268393220333,0.000000
24268399485737,0.000000
24268410819524,0.000000
24268417071007,0.000000
24268423290915,0.000000
24268434562022,0.000000
24268440764761,0.000000
24268446940120,0.000000
24268458308225,0.000000
24268464607166,0.000000
24268470890917,0.000000
24268482161096,0.000000
24268488450756,0.000000
24268499840374,0.000000
24268506100529,0.000000
24268512297406,0.000000
24268523625327,0.000000
24268529885322,0.000000
24268536101182,0.000000
24268547421127,0.000000
24268553715227,0.000000
24268559956939,0.000000
24268571251410,0.000000
24268577487572,0.000000
24268583722414,0.000000
24268595072638,0.000000
24268601305100,0.000000
24268612635154,0.000000
24268618893101,0.000000
24268625131219,0.000000
24268636497666,0.000000
24268642875950,0.000000
24268649290826,0.000000
24268660724061,0.000000
24268667109623,0.000000
24268673334486,0.000000
24268684656155,0.000000
24268690883147,0.000000
24268697137086,0.000000
24268708492129,0.000000
24268714745749,0.000000
24268720986619,0.000000
24268732315787,0.000000
24268738576841,0.000000
24268744834835,0.000000
24268756166002,0.000000
24268762401059,0.000000
24268773733586,0.000000
24268779959225,0.000000
24268786199535,0.000000
24268797506390,0.000000
24268803684843,0.000000
24268809833679,0.000000
24268821035866,0.000000
24268827188901,0.000000
24268838418121,0.000000
24268844582903,0.000000
24268850742066,0.000000
24268862124478,0.000000
24268868320846,0.000000
24268874553119,0.000000
24268885850751,0.000000
24268892095281,0.000000
24268898305315,0.000000
24268909629166,0.000000
24268915861797,0.000000
24268927349351,0.000000
24268933694170,0.000000
24268939985219,0.000000
24268946239145,0.000000
24268957679827,0.000000
24268963939217,0.000000
24268975262285,0.000000
24268981513133,0.000000
24268987804963,0.000000
24268999097252,0.000000
24269005313143,0.000000
24269011496287,0.000000
24269022746063,0.000000
24269029151613,0.000000
24269040769279,0.000000
24269047256004,0.000000
24269053704560,0.000000
24269060218657,0.000000
24269072046204,0.000000
24269078527724,0.000000
24269085076211,0.000000
24269096777786,0.000000
24269103323285,0.000000
24269109702046,0.000000
24269116210053,0.000000
24269127804037,0.000000
24269134354158,0.000000
24269140780640,0.000000
24269152516926,0.000000
24269159026586,0.000000
24269165442627,0.000000
24269177144934,0.000000
24269183384386,0.000000
24269189654027,0.000000
24269200974353,0.000000
24269207152266,0.000000
24269218465905,0.000000
24269224663339,0.000000
24269230898271,0.000000
24269237131751,0.000000
24269248406182,0.000000
24269254690466,0.000000
24269266022542,0.000000
24269272247122,0.000000
24269278454584,0.000000
24269289729166,0.000000
24269295916516,0.000000
24269302066517,0.000000
24269313332063,0.000000
24269319605118,0.000000
24269325774453,0.000000
24269337060279,0.000000
24269343288936,0.000000
24269354589303,0.000000
24269360772882,0.000000
24269366974993,0.000000
24269378207238,0.000000
24269384425144,0.000000
24269390619724,0.000000
24269401923709,0.000000
24269408144895,0.000000
24269414516061,0.000000
24269425943691,0.000000
24269432163941,0.000000
24269443530694,0.000000
24269449734568,0.000000
24269455947276,0.000000
24269467277835,0.000000
24269473485827,0.000000
24269479716605,0.000000
24269491052237,0.000000
24269497271823,0.000000
24269503452912,0.000000
24269514775186,0.000000
24269521011322,0.000000
24269532339808,0.000000
24269538608043,0.000000
24269544781370,0.000000
24269556075248,0.000000
24269562289798,0.000000
24269568487248,0.000000
24269579774944,0.000000
24269585977138,0.000000
24269592121920,0.000000
24269603380279,0.000000
24269609591252,0.000000
24269620844089,0.000000
24269627033868,0.000000
24269633223460,0.000000
24269644493655,0.000000
24269650730608,0.000000
24269662058551,0.000000
24269668257292,0.000000
24269674512468,0.000000
24269685783710,0.000000
24269691973528,0.000000
24269703196263,0.000000
24269709371731,0.000000
24269715604548,0.000000
24269726874690,0.000000
24269733230665,0.000000
24269739472543,0.000000
24269750725905,0.000000
24269756928366,0.000000
24269768164606,0.000000
24269774329223,0.000000
24269780503891,0.000000
24269791720628,0.000000
24269797863390,0.000000
24269804039565,0.000000
24269815242163,0.000000
24269821444386,0.000000
24269827581509,0.000000
24269838822360,0.000000
24269845032837,0.000000
24269856281055,0.000000
24269862506008,0.000000
24269868713355,0.000000
24269880021641,0.000000
24269886316146,0.000000
24269892532869,0.000000
24269903808643,0.000000
24269909992049,0.000000
24269921263325,0.000000
24269927442655,0.000000
24269933659579,0.000000
24269944929437,0.000000
24269951128504,0.000000
24269957312716,0.000000
24269968593264,0.000000
24269974785395,0.000000
24269986069860,0.000000
24269992319570,0.000000
24269998674950,0.000000
24270010028194,0.000000
24270016214972,0.000000
24270022399264,0.000000
24270033673664,0.000000
24270040017938,0.000000
24270046211351,0.000000
24270057485988,0.000000
24270063671866,0.000000
24270069952874,0.000000
24270081226939,0.000000
24270087461972,0.000000
24270098747916,0.000000
24270104987159,0.000000
24270111111104,0.000000
24270122361250,0.000000
24270128547273,0.000000
24270134803035,0.000000
24270146049933,0.000000
24270152226320,0.000000
24270163462177,0.000000
24270169650253,0.000000
24270175831153,0.000000
24270187080153,0.000000
24270193270500,0.000000
24270204563385,0.000000
24270210770300,0.000000
24270216958788,0.000000
24270228231316,0.000000
24270234496350,0.000000
24270240757040,0.000000
24270252090472,0.000000
24270258277592,0.000000
24270269544328,0.000000
24270275744926,0.000000
24270281948957,0.000000
24270293226859,0.000000
24270299427109,0.000000
24270310714472,0.000000
24270316908778,0.000000
24270328150988,0.000000
24270334361546,0.000000
24270340580674,0.000000
24270351838652,0.000000
24270358049305,0.000000
24270364247404,0.000000
24270375508050,0.000000
24270381699234,0.000000
24270393023427,0.000000
24270399220091,0.000000
24270405426334,0.000000
24270416679401,0.000000
24270422871512,0.000000
24270429044556,0.000000
24270440333976,0.000000
24270446537752,0.000000
24270457793877,0.000000
24270464015076,0.000000
24270470205144,0.000000
24270481522704,0.000000
24270487764011,0.000000
24270493959698,0.000000
24270505170924,0.000000
24270511327060,0.000000
24270522613099,0.000000
24270528823999,0.000000
24270535058623,0.000000
24270546318750,0.000000
24270552555493,0.000000
24270563816784,0.000000
24270570048779,0.000000
24270576230556,0.000000
24270587488754,0.000000
24270593736480,0.000000
24270605073393,0.000000
24270611273529,0.000000
24270617467160,0.000000
24270628739644,0.000000
24270634917332,0.000000
24270641047782,0.000000
24270652295760,0.000000
24270658517802,0.000000
24270664772362,0.000000
24270676091361,0.000000
24270682285945,0.000000
24270693576009,0.000000
24270699786368,0.000000
24270706046777,0.000000
24270717340305,0.000000
24270723617654,0.000000
24270729804484,0.000000
24270741110351,0.000000
24270747279716,0.000000
24270753455811,0.000000
24270764680121,0.000000
24270770821584,0.000000
24270782047387,0.000000
24270788228993,0.000000
24270794414447,0.000000
24270805669992,0.000000
24270811841203,0.000000
24270818048145,0.000000
24270829273994,0.000000
24270835418098,0.000000
24270846655852,0.000000
24270852836072,0.000000
24270859032654,0.000000
24270870337612,0.000000
24270876582006,0.000000
24270882852367,0.000000
24270894126516,0.000000
24270900322940,0.000000
24270906519642,0.000000
24270917775510,0.000000
24270924026912,0.000000
24270935312888,0.000000
24270941583727,0.000000
24270947762834,0.000000
24270959084374,0.000000
24270965276325,0.000000
24270971500591,0.000000
24270982815971,0.000000
24270989080899,0.000000
24270995269190,0.000000
24271006522416,0.000000
24271012671315,0.000000
24271023955989,0.000000
24271030149237,0.000000
24271036333916,0.000000
24271047623181,0.000000
24271053831805,0.000000
24271060051458,0.000000
24271071343105,0.000000
24271077745224,0.000000
24271084086837,0.000000
24271095604535,0.000000
24271102130680,0.000000
24271108567283,0.000000
24271120256648,0.000000
24271126710835,0.000000
24271133214820,0.000000
24271144878440,0.000000
24271151434891,0.000000
24271157699236,0.000000
24271169025356,0.000000
24271175213670,0.000000
24271186474732,0.000000
24271192679258,0.000000
24271198899518,0.000000
24271210118014,0.000000
24271216290340,0.000000
24271222511608,0.000000
24271233847389,0.000000
24271240092994,0.000000
24271246255864,0.000000
24271257498137,0.000000
24271263684881,0.000000
24271274973675,0.000000
24271281233926,0.000000
24271287425403,0.000000
24271298719181,0.000000
24271304994077,0.000000
24271311191780,0.000000
24271322455263,0.000000
24271328641508,0.000000
24271334979474,0.000000
24271346412351,0.000000
24271352658069,0.000000
24271363938920,0.000000
24271370157833,0.000000
24271376347498,0.000000
24271387612902,0.000000
24271393795781,0.000000
24271399981917,0.000000
24271411216750,0.000000
24271417451058,0.000000
24271423633391,0.000000
24271434922033,0.000000
24271441125705,0.000000
24271452380769,0.000000
24271458558329,0.000000
24271464740875,0.000000
24271476066851,0.000000
24271482268868,0.000000
24271488538137,0.000000
24271499802542,0.000000
24271505999129,0.000000
24271512149895,0.000000
24271523400073,0.000000
24271529607156,0.000000
24271540897230,0.000000
24271547108475,0.000000
24271553286560,0.000000
24271564559038,0.000000
24271570773333,0.000000
24271576983131,0.000000
24271588243216,0.000000
24271594433795,0.000000
24271605730801,0.000000
24271611915158,0.000000
24271618054900,0.000000
24271629327697,0.000000
24271635610480,0.000000
24271641804933,0.000000
24271653315362,0.000000
24271659555088,0.000000
24271665780121,0.000000
24271677144127,0.000000
24271683376076,0.000000
24271689609585,0.000000
24271700884228,0.000000
24271707100143,0.000000
24271718447180,0.000000
24271724677793,0.000000
24271730870490,0.000000
24271742147742,0.000000
24271748319237,0.000000
24271754517722,0.000000
24271765845966,0.000000
24271772201612,0.000000
24271778369752,0.000000
24271789581262,0.000000
24271795723394,0.000000
24271806967123,0.000000
24271813127587,0.000000
24271819282661,0.000000
24271830480876,0.000000
24271836622170,0.000000
24271842774074,0.000000
24271854050070,0.000000
24271860211085,0.000000
24271871506877,0.000000
24271877739740,0.000000
24271883954683,0.000000
24271895222200,0.000000
24271901500728,0.000000
24271907805069,0.000000
24271919177256,0.000000
24271925477044,0.000000
24271931703425,0.000000
24271943039674,0.000000
24271949260795,0.000000
24271960571667,0.000000
24271966917240,0.000000
24271973172875,0.000000
24271979389946,0.000000
24271990665528,0.000000
24271996927324,0.000000
24272008480291,0.000000
24272014705792,0.000000
24272020976740,0.000000
24272032343391,0.000000
24272038660505,0.000000
24272044914660,0.000000
24272056298103,0.000000
24272062536953,0.000000
24272068936488,0.000000
24272080514914,0.000000
24272086897548,0.000000
24272093269290,0.000000
24272104622748,0.000000
24272110859113,0.000000
24272117132903,0.000000
24272128461655,0.000000
24272134733818,0.000000
24272146180092,0.000000
24272152551884,0.000000
24272158888685,0.000000
24272170405358,0.000000
24272176696681,0.000000
24272183075209,0.000000
24272194629049,0.000000
24272200832196,0.000000
24272207037683,0.000000
24272213203447,0.000000
24272224415661,0.000000
24272230596184,0.000000
24272241850573,0.000000
24272248063816,0.000000
24272254266418,0.000000
24272265548634,0.000000
24272271757829,0.000000
24272277939495,0.000000
24272289207526,0.000000
24272295400713,0.000000
24272306661289,0.000000
24272312845057,0.000000
24272319068627,0.000000
24272330374423,0.000000
24272336576099,0.000000
24272342778142,0.000000
24272354082298,0.000000
24272360273890,0.000000
24272366458869,0.000000
24272377855100,0.000000
24272384098678,0.000000
24272395385665,0.000000
24272401670143,0.000000
24272407899330,0.000000
24272419143260,0.000000
24272425342904,0.000000
24272431528625,0.000000
24272442802855,0.000000
24272449017060,0.000000
24272455206631,0.000000
24272466462818,0.000000
24272472652878,0.000000
24272483924267,0.000000
24272490107564,0.000000
24272496315052,0.000000
24272507619932,0.000000
24272513806619,0.000000
24272520018373,0.000000
24272531270735,0.000000
24272537462964,0.000000
24272548743937,0.000000
24272554952855,0.000000
24272561130637,0.000000
24272572409402,0.000000
24272578605181,0.000000
24272584781967,0.000000
24272596061047,0.000000
24272602246698,0.000000
24272608491656,0.000000
24272619753455,0.000000
24272625935533,0.000000
24272637215583,0.000000
24272643405544,0.000000
24272649618754,0.000000
24272660900077,0.000000
24272667109011,0.000000
24272673290644,0.000000
24272684564883,0.000000
24272690752465,0.000000
24272702032951,0.000000
24272708217837,0.000000
24272714425724,0.000000
24272725730885,0.000000
24272731937183,0.000000
24272738148357,0.000000
24272749416834,0.000000
24272755575424,0.000000
24272761773639,0.000000
24272773030729,0.000000
24272779172672,0.000000
24272790372946,0.000000
24272796511730,0.000000
24272802654292,0.000000
24272813856204,0.000000
24272820071800,0.000000
24272831275490,0.000000
24272837410300,0.000000
24272843538839,0.000000
24272854789905,0.000000
24272860989557,0.000000
24272867254082,0.000000
24272878676986,0.000000
24272884937277,0.000000
24272891169721,0.000000
24272902501350,0.000000
24272908770526,0.000000
24272914997122,0.000000
24272926328709,0.000000
24272932590572,0.000000
24272943884065,0.000000
24272950159114,0.000000
24272956387571,0.000000
24272967676133,0.000000
24272973933015,0.000000
24272980136424,0.000000
24272991407356,0.000000
24272997596985,0.000000
24273008869755,0.000000
24273015081279,0.000000
24273021381826,0.000000
24273032646640,0.000000
24273038843974,0.000000
24273045073238,0.000000
24273056357927,0.000000
24273062562971,0.000000
24273068759987,0.000000
24273080022756,0.000000
24273086385271,0.000000
24273097839229,0.000000
24273104077300,0.000000
24273110268975,0.000000
24273116609576,0.000000
24273127955871,0.000000
24273134140684,0.000000
24273145433825,0.000000
24273151640630,0.000000
24273157833221,0.000000
24273169062519,0.000000
24273175247298,0.000000
24273181462469,0.000000
24273192721906,0.000000
24273198911552,0.000000
24273210144818,0.000000
24273216338546,0.000000
24273222549196,0.000000
24273233926867,0.000000
24273240269705,0.000000
24273246461922,0.000000
24273257746274,0.000000
24273263965714,0.000000
24273270132551,0.000000
24273281396086,0.000000
24273287556416,0.000000
24273298756459,0.000000
24273304935923,0.000000
24273311100627,0.000000
24273322303194,0.000000
24273328482719,0.000000
24273334645121,0.000000
24273345844537,0.000000
24273352016926,0.000000
24273363211776,0.000000
24273369385917,0.000000
24273375664661,0.000000
24273386921433,0.000000
24273393213941,0.000000
24273399392287,0.000000
24273410705638,0.000000
24273416900150,0.000000
24273423072076,0.000000
24273434434502,0.000000
24273440758962,0.000000
24273446994736,0.000000
24273458304964,0.000000
24273464503226,0.000000
24273475842192,0.000000
24273482049167,0.000000
24273488239453,0.000000
24273499537173,0.000000
24273505719743,0.000000
24273511865412,0.000000
24273523209547,0.000000
24273529410309,0.000000
24273540750334,0.000000
24273546928374,0.000000
24273553146424,0.000000
24273564436112,0.000000
24273570645049,0.000000
24273576822334,0.000000
24273588103601,0.000000
24273594302318,0.000000
24273600541504,0.000000
24273611853830,0.000000
24273618099008,0.000000
24273624342200,0.000000
24273635636617,0.000000
24273641860389,0.000000
24273653135905,0.000000
24273659316230,0.000000
24273665522570,0.000000
24273676791684,0.000000
24273682974530,0.000000
24273694221059,0.000000
24273700415699,0.000000
24273706600832,0.000000
24273717853947,0.000000
24273724190996,0.000000
24273730571608,0.000000
24273742049612,0.000000
24273748310391,0.000000
24273754510460,0.000000
24273765787695,0.000000
24273772087515,0.000000
24273778413198,0.000000
24273789742208,0.000000
24273795926016,0.000000
24273807105505,0.000000
24273813288484,0.000000
24273819445021,0.000000
24273830669884,0.000000
24273836844058,0.000000
24273842983321,0.000000
24273854192759,0.000000
24273860376558,0.000000
24273866590832,0.000000
24273877961831,0.000000
24273884239207,0.000000
24273895627843,0.000000
24273901878317,0.000000
24273908125324,0.000000
24273919419181,0.000000
24273925665864,0.000000
24273931878797,0.000000
24273943157937,0.000000
24273949357144,0.000000
24273960652823,0.000000
24273966869622,0.000000
24273973053289,0.000000
24273984307246,0.000000
24273990512994,0.000000
24273996708810,0.000000
24274008022532,0.000000
24274014246697,0.000000
24274020417828,0.000000
24274031720206,0.000000
24274037986439,0.000000
24274044194026,0.000000
24274055468542,0.000000
24274061653382,0.000000
24274067834400,0.000000
24274079189397,0.000000
24274085480605,0.000000
24274096831109,0.000000
24274103091737,0.000000
24274109305407,0.000000
24274120603231,0.000000
24274126809585,0.000000
24274133032753,0.000000
24274144325494,0.000000
24274150519558,0.000000
24274156707369,0.000000
24274167968213,0.000000
24274174213913,0.000000
24274185538469,0.000000
24274191817998,0.000000
24274198035034,0.000000
24274209332396,0.000000
24274215502536,0.000000
24274221696914,0.000000
24274232978126,0.000000
24274239234588,0.000000
24274250549850,0.000000
24274256790377,0.000000
24274263017124,0.000000
24274274320976,0.000000
24274280519264,0.000000
24274286685495,0.000000
24274297955909,0.000000
24274304120466,0.000000
24274310251586,0.000000
24274321445679,0.000000
24274327605760,0.000000
24274338823558,0.000000
24274344983058,0.000000
24274351113066,0.000000
24274362330237,0.000000
24274368478337,0.000000
24274374638546,0.000000
24274385991326,0.000000
24274392271298,0.000000
24274403591570,0.000000
24274409904039,0.000000
24274416119211,0.000000
24274427740060,0.000000
24274433968057,0.000000
24274440150037,0.000000
24274451449924,0.000000
24274457690174,0.000000
24274463966343,0.000000
24274475231039,0.000000
24274481407931,0.000000
24274492629687,0.000000
24274498898115,0.000000
24274505158138,0.000000
24274516432942,0.000000
24274522633809,0.000000
24274528838028,0.000000
24274540140271,0.000000
24274546335941,0.000000
24274552532576,0.000000
24274563796722,0.000000
24274570063191,0.000000
24274576333058,0.000000
24274587634660,0.000000
24274593900962,0.000000
24274605165858,0.000000
24274611364542,0.000000
24274617565942,0.000000
24274628830072,0.000000
24274635058635,0.000000
24274641298806,0.000000
24274652604784,0.000000
24274658797726,0.000000
24274670073856,0.000000
24274676322981,0.000000
24274682539302,0.000000
24274693809894,0.000000
24274700035038,0.000000
24274706214051,0.000000
24274717501589,0.000000
24274723684941,0.000000
24274729891707,0.000000
24274741144985,0.000000
24274747345376,0.000000
24274753590345,0.000000
24274764949298,0.000000
24274771156086,0.000000
24274782450166,0.000000
24274788693811,0.000000
24274794876872,0.000000
24274806142057,0.000000
24274812365154,0.000000
24274818566727,0.000000
24274829860672,0.000000
24274836066150,0.000000
24274847355833,0.000000
24274853550242,0.000000
24274859744371,0.000000
24274871049035,0.000000
24274877257906,0.000000
24274883431714,0.000000
24274894725267,0.000000
24274900927331,0.000000
24274907121706,0.000000
24274918379879,0.000000
24274924582745,0.000000
24274935918236,0.000000
24274942163027,0.000000
24274948365973,0.000000
24274959728589,0.000000
24274965966276,0.000000
24274972153100,0.000000
24274983436840,0.000000
24274989625067,0.000000
24275000878537,0.000000
24275007123028,0.000000
24275013395078,0.000000
24275024790716,0.000000
24275031192127,0.000000
24275037420063,0.000000
24275048703836,0.000000
24275054931290,0.000000
24275061116777,0.000000
24275072400190,0.000000
24275078601889,0.000000
24275084772786,0.000000
24275096081138,0.000000
24275102286193,0.000000
24275113572141,0.000000
24275119811070,0.000000
24275126022649,0.000000
24275137345120,0.000000
24275143531414,0.000000
24275149683328,0.000000
24275160939494,0.000000
24275167160024,0.000000
24275173364322,0.000000
24275184663601,0.000000
24275190915225,0.000000
24275202399133,0.000000
24275208681336,0.000000
24275214928130,0.000000
24275226237610,0.000000
24275232538130,0.000000
24275238790218,0.000000
24275250030502,0.000000
24275256186926,0.000000
24275262361063,0.000000
24275273701376,0.000000
24275279943528,0.000000
24275291161406,0.000000
24275297312449,0.000000
24275303469724,0.000000
24275314690584,0.000000
24275320835859,0.000000
24275326985686,0.000000
24275338203162,0.000000
24275344339512,0.000000
24275355688467,0.000000
24275362073824,0.000000
24275368294896,0.000000
24275379610096,0.000000
24275385950005,0.000000
24275392218781,0.000000
24275403566091,0.000000
24275409833803,0.000000
24275416071215,0.000000
24275427369186,0.000000
24275433626379,0.000000
24275439859346,0.000000
24275451145192,0.000000
24275457431652,0.000000
24275463662813,0.000000
24275475014951,0.000000
24275481198278,0.000000
24275492502595,0.000000
24275498719637,0.000000
24275504923758,0.000000
24275516233520,0.000000
24275522428144,0.000000
24275528574570,0.000000
24275539828385,0.000000
24275546039013,0.000000
24275557298016,0.000000
24275563477625,0.000000
24275569653806,0.000000
24275580951420,0.000000
24275587157654,0.000000
24275598637421,0.000000
24275604893610,0.000000
24275611137011,0.000000
24275622426397,0.000000
24275628621482,0.000000
24275634804250,0.000000
24275646063376,0.000000
24275652254217,0.000000
24275663519045,0.000000
24275669713000,0.000000
24275675939702,0.000000
24275687232020,0.000000
24275693457637,0.000000
24275704753980,0.000000
24275710949601,0.000000
24275717112508,0.000000
24275728367963,0.000000
24275734555232,0.000000
24275740750745,0.000000
24275752079587,0.000000
24275758366182,0.000000
24275764555716,0.000000
24275775817763,0.000000
24275781994614,0.000000
24275793227564,0.000000
24275799388686,0.000000
24275805558262,0.000000
24275816758477,0.000000
24275822941518,0.000000
24275834154461,0.000000
24275840323591,0.000000
24275846466525,0.000000
24275857693137,0.000000
24275863867497,0.000000
24275870048091,0.000000
24275881370806,0.000000
24275887619761,0.000000
24275898960948,0.000000
24275905173205,0.000000
24275911397914,0.000000
24275922759420,0.000000
24275928971975,0.000000
24275935253131,0.000000
24275946621049,0.000000
24275952872896,0.000000
24275959241532,0.000000
24275970880933,0.000000
24275977253919,0.000000
24275983570792,0.000000
24275994879647,0.000000
24276001202319,0.000000
24276007463251,0.000000
24276018702107,0.000000
24276024858777,0.000000
24276036219953,0.000000
24276042487890,0.000000
24276048697152,0.000000
24276059990522,0.000000
24276066197717,0.000000
24276072386520,0.000000
24276083676936,0.000000
24276089896293,0.000000
24276101174773,0.000000
24276107389758,0.000000
24276113577373,0.000000
24276124861141,0.000000
24276131071195,0.000000
24276137263074,0.000000
24276148554938,0.000000
24276154748057,0.000000
24276160934989,0.000000
24276172200687,0.000000
24276178388414,0.000000
24276189656357,0.000000
24276195857820,0.000000
24276202118175,0.000000
24276213435910,0.000000
24276219625485,0.000000
24276230884910,0.000000
24276237077012,0.000000
24276243310048,0.000000
24276254592645,0.000000
24276260810751,0.000000
24276267031564,0.000000
24276278311392,0.000000
24276284521579,0.000000
24276290770774,0.000000
24276302219662,0.000000
24276308462311,0.000000
24276314747074,0.000000
24276326073985,0.000000
24276332281279,0.000000
24276338506040,0.000000
24276349769940,0.000000
24276356014512,0.000000
24276367888810,0.000000
24276374348288,0.000000
24276380679622,0.000000
24276386925907,0.000000
24276398277761,0.000000
24276404534832,0.000000
24276410837846,0.000000
24276422179429,0.000000
24276428391123,0.000000
24276439674857,0.000000
24276445866091,0.000000
24276452066250,0.000000
24276463513057,0.000000
24276470035021,0.000000
24276476443686,0.000000
24276488102936,0.000000
24276494430908,0.000000
24276500648773,0.000000
24276511945810,0.000000
24276518119331,0.000000
24276524277027,0.000000
24276535529916,0.000000
24276541705332,0.000000
24276552962058,0.000000
24276559179119,0.000000
24276565406245,0.000000
24276576729011,0.000000
24276583022740,0.000000
24276589236905,0.000000
24276600554963,0.000000
24276606787799,0.000000
24276618175010,0.000000
24276624444724,0.000000
24276630834141,0.000000
24276642158194,0.000000
24276648363475,0.000000
24276654580859,0.000000
24276665979496,0.000000
24276672260396,0.000000
24276678544631,0.000000
24276689906135,0.000000
24276696167070,0.000000
24276702424078,0.000000
24276713783248,0.000000
24276720055029,0.000000
24276731489849,0.000000
24276737731292,0.000000
24276744029671,0.000000
24276755350043,0.000000
24276761634936,0.000000
24276767846603,0.000000
24276779152738,0.000000
24276785329931,0.000000
24276791507432,0.000000
24276802743154,0.000000
24276808912531,0.000000
24276815117719,0.000000
24276826393304,0.000000
24276832575879,0.000000
24276843820333,0.000000
24276849990809,0.000000
24276856149945,0.000000
24276867431215,0.000000
24276873684103,0.000000
24276885049293,0.000000
24276891335591,0.000000
24276897636397,0.000000
24276908997336,0.000000
24276915244979,0.000000
24276921486083,0.000000
24276932791633,0.000000
24276939057735,0.000000
24276945298393,0.000000
24276956637392,0.000000
24276962891558,0.000000
24276974263463,0.000000
24276980617657,0.000000
24276986903109,0.000000
24276993204022,0.000000
24277004617976,0.000000
24277010828735,0.000000
24277017074917,0.000000
24277028368562,0.000000
24277034583734,0.000000
24277045914871,0.000000
24277052164031,0.000000
24277058391068,0.000000
24277069745388,0.000000
24277076075289,0.000000
24277082284894,0.000000
24277093645314,0.000000
24277099836227,0.000000
24277111149313,0.000000
24277117413156,0.000000
24277123643155,0.000000
24277134933156,0.000000
24277141159000,0.000000
24277147290724,0.000000
24277158501298,0.000000
24277164698170,0.000000
24277175935950,0.000000
24277182137295,0.000000
24277188380981,0.000000
24277199742336,0.000000
24277205983807,0.000000
24277212166509,0.000000
24277223463970,0.000000
24277229664518,0.000000
24277235856586,0.000000
24277247167177,0.000000
24277253381484,0.000000
24277264687780,0.000000
24277270862354,0.000000
24277277035800,0.000000
24277288259784,0.000000
24277294444671,0.000000
24277300603674,0.000000
24277311849142,0.000000
24277318054267,0.000000
24277324231789,0.000000
24277335494425,0.000000
24277341665678,0.000000
24277352971163,0.000000
24277359113627,0.000000
24277365258783,0.000000
24277376474665,0.000000
24277382688585,0.000000
24277388855455,0.000000
24277400156172,0.000000
24277406436663,0.000000
24277417815744,0.000000
24277424109019,0.000000
24277430394259,0.000000
24277441709284,0.000000
24277447937056,0.000000
24277454203825,0.000000
24277465591695,0.000000
24277471841285,0.000000
24277483182009,0.000000
24277489423659,0.000000
24277495640800,0.000000
24277507010058,0.000000
24277513328458,0.000000
24277519710775,0.000000
24277531193899,0.000000
24277537528905,0.000000
24277543883175,0.000000
24277555404543,0.000000
24277561911823,0.000000
24277568400414,0.000000
24277579843755,0.000000
24277586063485,0.000000
24277597374911,0.000000
24277603687706,0.000000
24277609918163,0.000000
24277621190280,0.000000
24277627365316,0.000000
24277633536257,0.000000
24277644809947,0.000000
24277651027750,0.000000
24277662312939,0.000000
24277668514699,0.000000
24277674719228,0.000000
24277685995332,0.000000
24277692191926,0.000000
24277703487046,0.000000
24277709686970,0.000000
24277715858555,0.000000
24277727118077,0.000000
24277733291500,0.000000
24277744559365,0.000000
24277750727090,0.000000
24277756903134,0.000000
24277768126551,0.000000
24277774285458,0.000000
24277780455766,0.000000
24277791694857,0.000000
24277797854568,0.000000
24277809126857,0.000000
