monotonic_ns,frame_time_ns,vector_x,vector_y
790537071264815,790537076878428,-0.48209669,0.87611802
790537104259350,790537110157404,-0.48368611,0.87524154
790537138258112,790537143428444,-0.48406139,0.87503404
790537171133311,790537176692316,-0.48564293,0.87415728
790537205196320,790537209947996,-0.48564293,0.87415728
790537237270758,790537243196252,-0.48564293,0.87415728
790537270718278,790537276436572,-0.48174262,0.87631276
790537304906145,790537309669212,-0.48225840,0.87602902
790537337811297,790537342894172,-0.48564293,0.87415728
790537371697656,790537376111452,-0.48413374,0.87499401
790537405026264,790537409320796,-0.48225840,0.87602902
790537438145121,790537442522716,-0.48331840,0.87544464
790537471131949,790537475716700,-0.48368611,0.87524154
790537505212116,790537508903260,-0.48413374,0.87499401
790537538324817,790537542081628,-0.48225840,0.87602902
790537571397386,790537575252828,-0.48225840,0.87602902
790537605430406,790537608415836,-0.48564293,0.87415728
790537638379835,790537641571420,-0.48225840,0.87602902
790537671376847,790537674719068,-0.48209669,0.87611802
790537705435234,790537707859292,-0.48225840,0.87602902
790537738436783,790537740991580,-0.48603968,0.87393674
790537771437792,790537774115932,-0.48225840,0.87602902
790537805450873,790537807233116,-0.48282705,0.87571573
790537838438709,790537840342108,-0.48449983,0.87479136
790537871429534,790537873443676,-0.48368611,0.87524154
790537905491316,790537906543452,-0.48487324,0.87458444
790537938546067,790537939894876,-0.48564293,0.87415728
790537971491125,790537973246556,-0.48368611,0.87524154
790538005541130,790538006598492,-0.48225840,0.87602902
790538038421599,790538039950428,-0.48368611,0.87524154
790538072366380,790538073302876,-0.48564293,0.87415728
790538105253184,790538106655068,-0.48564293,0.87415728
790538138217771,790538140008028,-0.48564293,0.87415728
790538172140639,790538173360732,-0.48225840,0.87602902
790538205011166,790538206713692,-0.48406139,0.87503404
790538239013606,790538240066908,-0.48564293,0.87415728
790538272082574,790538273420380,-0.48564293,0.87415728
790538305076165,790538306774108,-0.48564293,0.87415728
790538339183625,790538340127836,-0.48225840,0.87602902
790538372573337,790538373481820,-0.48413374,0.87499401
790538405977432,790538406836060,-0.48564293,0.87415728
790538438899228,790538440190556,-0.48564293,0.87415728
790538471902454,790538473545052,-0.48295802,0.87564351
790538505826254,790538506899804,-0.48368611,0.87524154
790538538721290,790538540254812,-0.48564293,0.87415728
790538572660906,790538573610076,-0.48564293,0.87415728
790538605494646,790538606965340,-0.48449983,0.87479136
790538639428731,790538640321116,-0.48564293,0.87415728
790538672318376,790538673676892,-0.48564293,0.87415728
790538706250385,790538707032924,-0.48225840,0.87602902
790538739140993,790538740388956,-0.48368611,0.87524154
790538772146848,790538773745500,-0.48209669,0.87611802
790538805842246,790538807101788,-0.48225840,0.87602902
790538839099122,790538840458844,-0.48487324,0.87458444
790538872297414,790538873815644,-0.48564293,0.87415728
790538905489516,790538907172700,-0.48792168,0.87288741
790538939697317,790538940505948,-0.48245809,0.87591906
790538973163464,790538973838684,-0.48487324,0.87458444
790539006388869,790539007170652,-0.48803169,0.87282591
790539039673734,790539040502108,-0.48245809,0.87591906
790539072322733,790539073832540,-0.48320381,0.87550790
790539106551598,790539107162460,-0.48331840,0.87544464
790539139881225,790539140491868,-0.48603968,0.87393674
790539172906738,790539173820508,-0.48245809,0.87591906
790539205832091,790539207148380,-0.48564293,0.87415728
790539239778999,790539240475740,-0.48564293,0.87415728
790539272713783,790539273802076,-0.48449983,0.87479136
790539306892112,790539307127900,-0.48368611,0.87524154
790539340200681,790539340453212,-0.48564293,0.87415728
790539373318210,790539373777756,-0.48564293,0.87415728
790539406314162,790539407101532,-0.48564293,0.87415728
790539440429399,790539440424540,-0.48413374,0.87499401
790539473370334,790539473747036,-0.48245809,0.87591906
790539506311593,790539507069276,-0.48564293,0.87415728
790539539312781,790539540390236,-0.48368611,0.87524154
790539573311808,790539573710428,-0.48564293,0.87415728
790539606697294,790539607030364,-0.48209669,0.87611802
790539639859899,790539640349532,-0.48331840,0.87544464
790539672791216,790539673667932,-0.48640754,0.87373206
790539706021267,790539706985564,-0.48225840,0.87602902
790539739320127,790539740302940,-0.48752333,0.87310996
790539772853082,790539773619292,-0.48564293,0.87415728
790539807029620,790539806934876,-0.48282705,0.87571573
790539840081632,790539840249948,-0.48564293,0.87415728
790539873022233,790539873564252,-0.48225840,0.87602902
790539906353526,790539906878556,-0.48331840,0.87544464
790539939800729,790539940237916,-0.48413374,0.87499401
790539972845347,790539973597788,-0.48225840,0.87602902
790540007097350,790540006957916,-0.48225840,0.87602902
790540040260331,790540040318300,-0.48368611,0.87524154
790540073257593,790540073678940,-0.48368611,0.87524154
790540106258778,790540107040092,-0.48225840,0.87602902
790540140321501,790540140401500,-0.48245809,0.87591906
790540173321592,790540173762908,-0.48413374,0.87499401
790540206313870,790540207125084,-0.48752333,0.87310996
790540240373959,790540240487516,-0.48229655,0.87600801
790540273380050,790540273850204,-0.48398174,0.87507810
790540306783834,790540307213148,-0.46915523,0.88311572
790540339781668,790540340576604,-0.46850263,0.88346210
790540373847729,790540373940060,-0.47012777,0.88259837
790540406724664,790540407304028,-0.45427926,0.89085933
790540439843145,790540440668252,-0.45280656,0.89160878
790540473817667,790540474032732,-0.43806398,0.89894380
790540506909679,790540507397724,-0.43815663,0.89889864
790540539919368,790540540762972,-0.42138043,0.90688397
790540574023820,790540574128476,-0.40738419,0.91325687
790540607139804,790540607494492,-0.40943922,0.91233740
790540640730549,790540640860764,-0.39054985,0.92058178
790540673772906,790540674227036,-0.37403942,0.92741281
790540706780832,790540707594076,-0.37056079,0.92880822
790540740809844,790540740961372,-0.35897908,0.93334561
790540773657640,790540774328668,-0.34174306,0.93979342
790540807677140,790540807696732,-0.32557831,0.94551508
790540840997013,790540841064796,-0.31081712,0.95046974
790540874139842,790540874433116,-0.29313500,0.95607106
790540907197268,790540907801436,-0.27651677,0.96100909
790540940457637,790540941158236,-0.26159055,0.96517894
790540973729125,790540974515548,-0.22282480,0.97485851
790541007783320,790541007872860,-0.20507083,0.97874714
790541040725495,790541041230428,-0.19086966,0.98161539
790541074383382,790541074587996,-0.17249044,0.98501119
790541107420938,790541107945564,-0.13616074,0.99068676
790541140313060,790541141303644,-0.12347188,0.99234807
790541174252898,790541174661724,-0.10540040,0.99442986
790541207133523,790541208019804,-0.06864503,0.99764115
790541241087297,790541241378140,-0.05521518,0.99847448
790541274132774,790541274736732,-0.03047365,0.99953557
790541308155782,790541308095580,0.00728418,0.99997347
790541341390209,790541341454172,0.00884921,0.99996084
790541374561506,790541374813276,0.00891467,0.99996026
790541407547966,790541408172380,0.04420454,0.99902250
790541440630470,790541441531484,0.05508863,0.99848147
790541474805857,790541474891100,0.07192859,0.99740978
790541507808771,790541508250716,0.08802902,0.99611791
790541541789554,790541541610332,0.10586560,0.99438045
790541574750570,790541574970204,0.12575426,0.99206142
790541607744499,790541608330332,0.12060843,0.99270016
790541641673215,790541641690460,0.14208438,0.98985455
790541674568082,790541675051100,0.15486557,0.98793555
790541707504959,790541708411484,0.15968884,0.98716740
790541741495093,790541741772124,0.17192945,0.98510927
790541774365281,790541775133020,0.17724336,0.98416706
790541808167895,790541808493916,0.17790686,0.98404733
790541841526497,790541841855068,0.18711211,0.98233857
790541875035425,790541875216476,0.19074513,0.98163959
790541908226345,790541908577372,0.20985479,0.97773256
790541941840578,790541941962076,0.20507083,0.97874714
790541974317951,790541975347548,0.20952909,0.97780241
790542007639274,790542008734044,0.20857936,0.97800545
790542041910682,790542042121052,0.20438380,0.97889083
790542075194701,790542075508828,0.20985479,0.97773256
790542108199008,790542108897884,0.19074513,0.98163959
790542141178665,790542142287196,0.19363303,0.98107403
790542175259959,790542175677532,0.19074513,0.98163959
790542208187610,790542209068636,0.18967498,0.98184693
790542241078154,790542242460764,0.17693876,0.98422186
790542275009067,790542275853660,0.17545326,0.98448776
790542307918586,790542309247068,0.15876446,0.98731649
790542341921676,790542342641500,0.15451972,0.98798970
790542374917836,790542376036700,0.13925483,0.99025658
790542407918336,790542409432668,0.13699398,0.99057188
790542441985695,790542442829660,0.12229777,0.99249345
790542474978667,790542476227164,0.10494492,0.99447804
790542507911498,790542509625692,0.10008662,0.99497873
790542542140771,790542543024988,0.08968452,0.99597022
790542575132674,790542576425052,0.06802389,0.99768369
790542608013513,790542609825884,0.05519213,0.99847575
790542641975714,790542643227740,0.03633962,0.99933950
790542674922159,790542676629852,0.04382037,0.99903943
790542708968430,790542710033244,-0.00000000,1.00000000
790542742190897,790542743437660,-0.01315676,0.99991345
790542775196674,790542776842332,-0.03569153,0.99936285
790542808576909,790542810248028,-0.04944440,0.99877688
790542842162641,790542843654748,-0.07124705,0.99745870
790542875430127,790542877061980,-0.10254927,0.99472793
790542908780510,790542910468956,-0.12005557,0.99276717
790542942030567,790542943827548,-0.13808741,0.99042005
790542975233314,790542977185884,-0.17406904,0.98473345
790543008430920,790543010544220,-0.19002191,0.98177985
790543042707177,790543043902812,-0.22092236,0.97529140
790543075377064,790543077261404,-0.24130115,0.97045028
790543109481003,790543110619996,-0.27106596,0.96256077
790543142371133,790543143978332,-0.29261677,0.95622980
790543175257847,790543177336668,-0.32579381,0.94544085
790543209197736,790543210695516,-0.35856478,0.93350485
790543242129053,790543244053852,-0.38963999,0.92096725
790543276069513,790543277412188,-0.42315798,0.90605592
790543308654244,790543310770780,-0.43955286,0.89821672
790543342694217,790543344129116,-0.47165225,0.88178464
790543375800134,790543377487964,-0.50037126,0.86581095
790543409736279,790543410846300,-0.52999894,0.84799830
790543442609599,790543444204636,-0.55914167,0.82907213
790543475498289,790543477563228,-0.59917323,0.80061941
790543509427994,790543510921820,-0.61543449,0.78818804
790543542748719,790543544280412,-0.64155520,0.76707687
790543576016948,790543577638748,-0.67168889,0.74083334
790543609074907,790543610997084,-0.69228754,0.72162176
790543643017382,790543644355676,-0.71806768,0.69597329
790543675487505,790543677714268,-0.73142092,0.68192627
790543709498610,790543711072860,-0.75568908,0.65493054
790543742419410,790543744431196,-0.76664797,0.64206767
790543776369025,790543777789788,-0.78794526,0.61574530
790543809253585,790543811148380,-0.79809324,0.60253397
790543843196175,790543844506716,-0.81819170,0.57494552
790543876140831,790543877865308,-0.82807274,0.56062067
790543909013715,790543911223644,-0.84080405,0.54133959
790543942969584,790543944582236,-0.85606445,0.51686910
790543975973563,790543977940572,-0.86555049,0.50082167
790544009024293,790544011298908,-0.86591684,0.50018799
790544042383580,790544044657244,-0.86591684,0.50018799
790544075912154,790544078015836,-0.86790703,0.49672667
790544109915189,790544111374428,-0.86591684,0.50018799
790544142966368,790544144732764,-0.86759129,0.49727794
790544175897413,790544178091100,-0.86397108,0.50354143
790544209831452,790544211449436,-0.85800751,0.51363715
790544243045588,790544244808284,-0.85934805,0.51139117
790544276201521,790544278166620,-0.84830172,0.52951317
790544310191099,790544311525212,-0.84858634,0.52905692
790544343078503,790544344883548,-0.84057104,0.54170133
790544375999895,790544378242140,-0.83915299,0.54389545
790544410012586,790544411600732,-0.82807274,0.56062067
790544442903246,790544444959068,-0.82890762,0.55938551
790544476835928,790544478317660,-0.81851475,0.57448551
790544509729540,790544511676252,-0.80830434,0.58876489
790544543735097,790544545034844,-0.79878502,0.60161657
790544576593161,790544578393436,-0.79868518,0.60174911
790544609485926,790544611751772,-0.78818804,0.61543449
790544643431943,790544645110364,-0.77627334,0.63039647
790544676309735,790544678468956,-0.76619154,0.64261226
790544710249610,790544711827804,-0.75602382,0.65454411
790544743134877,790544745186396,-0.74125916,0.67121893
790544777070411,790544778544732,-0.72023844,0.69372660
790544810018851,790544811903324,-0.70710678,0.70710678
790544844070229,790544845262172,-0.69534369,0.71867737
790544876949139,790544878620764,-0.66822603,0.74395831
790544909877856,790544911979356,-0.65493054,0.75568908
790544943858968,790544945338460,-0.64146246,0.76715443
790544976744115,790544978697564,-0.61513953,0.78841827
790545010663057,790545012056668,-0.60277174,0.79791367
790545043791964,790545045415772,-0.57170365,0.82046020
790545076712809,790545078774876,-0.55969638,0.82869775
790545109852975,790545112134236,-0.53118223,0.84725760
790545143907798,790545145493340,-0.49998007,0.86603691
790545176799412,790545178852444,-0.46893329,0.88323358
790545210722441,790545212211548,-0.45604696,0.88995571
790545243665241,790545245570652,-0.42215552,0.90652342
790545276545401,790545278929756,-0.38905638,0.92121395
790545310489118,790545312288860,-0.35806773,0.93369561
790545343404267,790545345647964,-0.32432432,0.94594595
790545377444768,790545379007068,-0.29313500,0.95607106
790545410608386,790545412366428,-0.25626326,0.96660703
790545444551723,790545445725788,-0.22651349,0.97400803
790545477432587,790545479084892,-0.19086966,0.98161539
790545510301241,790545512444252,-0.15549286,0.98783702
790545544259121,790545545803356,-0.12236124,0.99248563
790545577191830,790545579162460,-0.08762462,0.99615357
790545611139750,790545612521820,-0.06419480,0.99793739
790545644010319,790545645880924,-0.03667256,0.99932734
790545677953255,790545679240284,-0.00000000,1.00000000
790545710773935,790545712599388,0.01481319,0.99989028
790545743733075,790545745958748,0.05062624,0.99871767
790545777710165,790545779318108,0.08540114,0.99634665
790545810919334,790545812677212,0.10321929,0.99465862
790545843901038,790545846036828,0.12464836,0.99220098
790545877128816,790545879396188,0.15908533,0.98726484
790545911209097,790545912755292,0.17643339,0.98431258
790545944262544,790545946110556,0.18987791,0.98180771
790545977179135,790545979465308,0.22043001,0.97540279
790546010557190,790546012820316,0.22661987,0.97398328
790546043887974,790546046175580,0.22347027,0.97471075
790546077637364,790546079530588,0.21055608,0.97758178
790546111034519,790546112885596,0.21159294,0.97735788
790546144549816,790546146240348,0.20507083,0.97874714
790546177494863,790546179595356,0.20722470,0.97829337
790546211481278,790546212950364,0.20695859,0.97834970
790546244432248,790546246305116,0.19101167,0.98158777
790546278366072,790546279660124,0.19345802,0.98110855
790546311315004,790546313014620,0.18633365,0.98248652
790546344246960,790546346369372,0.17806067,0.98401951
790546378190286,790546379724124,0.17134117,0.98521175
790546411131296,790546413078876,0.15858904,0.98734468
790546445076154,790546446433628,0.14284971,0.98974439
790546477981564,790546479788380,0.13917282,0.99026811
790546510930650,790546513142876,0.12470201,0.99219424
790546545331624,790546546497628,0.10494492,0.99447804
790546578387589,790546579852124,0.09104882,0.99584643
790546611312686,790546613206620,0.08350619,0.99650726
790546645256514,790546646561116,0.07024856,0.99752952
790546678134609,790546679915612,0.05056813,0.99872061
790546711012467,790546713270108,0.03245043,0.99947335
790546744974941,790546746624604,0.01438700,0.99989650
790546777839501,790546779979100,-0.00000000,1.00000000
790546811788253,790546813333340,-0.04652032,0.99891734
790546844674221,790546846687836,-0.04668060,0.99890987
790546878677274,790546880042076,-0.06733152,0.99773066
790546911555529,790546913396572,-0.08577542,0.99631450
790546945510808,790546946754652,-0.10497238,0.99447514
790546978615885,790546980113244,-0.13628264,0.99067000
790547011602635,790547013471580,-0.15496777,0.98791953
790547044546392,790547046829660,-0.17412786,0.98472305
790547078617402,790547080187996,-0.20507083,0.97874714
790547111567115,790547113546588,-0.23990919,0.97079533
790547145483778,790547146904668,-0.25900579,0.96587577
790547178843945,790547180263004,-0.29014867,0.95698158
790547212121245,790547213621340,-0.30934513,0.95094984
790547245260833,790547246979676,-0.34022499,0.94034406
790547278318715,790547280338012,-0.37139068,0.92847669
790547311916852,790547313696348,-0.40710677,0.91338058
790547345242447,790547347054428,-0.43613805,0.89987977
790547378407271,790547380413020,-0.46574643,0.88491822
790547411800486,790547413771356,-0.49972245,0.86618559
790547445033001,790547447129692,-0.51531924,0.85699830
790547478288556,790547480487772,-0.55922008,0.82901924
790547512629118,790547513846364,-0.58568147,0.81054131
790547545934420,790547547204700,-0.61394061,0.78935222
790547578492935,790547580562780,-0.64110452,0.76745358
790547611696541,790547613921116,-0.66896473,0.74329415
790547646077078,790547647279708,-0.69288353,0.72104952
790547679078828,790547680638044,-0.70710678,0.70710678
790547711959858,790547713996124,-0.73142092,0.68192627
790547745910859,790547747354460,-0.75602382,0.65454411
790547778791550,790547780713052,-0.76822128,0.64018440
790547812721903,790547814071132,-0.78699216,0.61696299
790547845604883,790547847429468,-0.80921517,0.58751239
790547879546795,790547880787804,-0.81851475,0.57448551
790547912434654,790547914146396,-0.83844362,0.54498835
790547945678107,790547947503196,-0.84858634,0.52905692
790547978727563,790547980860508,-0.86542629,0.50103627
790548012733450,790548014217564,-0.87363514,0.48658159
790548045613631,790548047574876,-0.86749552,0.49744499
790548079093926,790548080931676,-0.86756222,0.49732866
790548112308151,790548114288988,-0.87271407,0.48823165
790548145666651,790548147646044,-0.86725310,0.49786752
790548179022799,790548181003100,-0.86555049,0.50082167
790548212290725,790548214360156,-0.86627405,0.49956908
790548245577359,790548247717212,-0.85655264,0.51605966
790548279844897,790548281074268,-0.85795987,0.51371671
790548313032935,790548314431324,-0.85591554,0.51711564
790548346382872,790548347788380,-0.84858634,0.52905692
790548379376233,790548381145436,-0.84671019,0.53205437
790548412307892,790548414502236,-0.83761060,0.54626778
790548446245319,790548447859548,-0.82967898,0.55824080
790548479130591,790548481216348,-0.81950106,0.57307767
790548513084192,790548514573404,-0.81780642,0.57549341
790548545971944,790548547930204,-0.80895331,0.58787290
790548579969145,790548581287260,-0.79881501,0.60157674
790548612832346,790548614644060,-0.78880029,0.61464958
790548646786468,790548648001372,-0.77803202,0.62822462
790548679674245,790548681358172,-0.76551980,0.64341234
790548712542420,790548714715228,-0.75400769,0.65686559
790548746486137,790548748072028,-0.74306461,0.66921968
790548779370356,790548781429084,-0.73155155,0.68178614
790548813306257,790548814785884,-0.71923283,0.69476913
790548846250341,790548848142684,-0.70710678,0.70710678
790548880193107,790548881499484,-0.67993956,0.73326816
790548913071458,790548914856540,-0.66847542,0.74373424
790548947010436,790548948213084,-0.65789154,0.75311269
790548979902276,790548981569372,-0.62906896,0.77734950
790549013374619,790549014925660,-0.61572760,0.78795909
790549046494821,790549048281948,-0.58660883,0.80987041
790549080490235,790549081638492,-0.57258864,0.81984282
790549113419799,790549114994780,-0.54560189,0.83804450
790549146311150,790549148351068,-0.51383852,0.85788692
790549180277178,790549181707356,-0.48487324,0.87458444
790549213129954,790549215063900,-0.47173197,0.88174200
790549247080311,790549248419932,-0.43824741,0.89885439
790549280014128,790549281776476,-0.40572475,0.91399531
790549312903785,790549315132764,-0.37446305,0.92724184
790549346867007,790549348488796,-0.33839115,0.94100554
790549379800672,790549381845084,-0.30949173,0.95090213
790549413029084,790549415201628,-0.27894624,0.96030672
790549447209527,790549448557660,-0.24359690,0.96987656
790549480336572,790549481913948,-0.20829198,0.97806669
790549513455357,790549515270236,-0.17326509,0.98487523
790549546562516,790549548626268,-0.13571882,0.99074740
790549579564222,790549581982556,-0.10735715,0.99422052
790549613509210,790549615338588,-0.07047649,0.99751344
790549646497336,790549648694620,-0.04825291,0.99883515
790549680626468,790549682050908,-0.01212032,0.99992655
790549713617532,790549715407196,-0.00000000,1.00000000
790549746612967,790549748763228,0.03944297,0.99922182
790549780023796,790549782119260,0.06992190,0.99755247
790549814025087,790549815475548,0.08802902,0.99611791
790549847627684,790549848831324,0.12236124,0.99248563
790549880694416,790549882187612,0.13946852,0.99022651
790549913672238,790549915544156,0.15799050,0.98744063
790549946666593,790549948900700,0.18901838,0.98197355
790549980847460,790549982257500,0.20578001,0.97859828
790550013919988,790550015613788,0.22485951,0.97439120
790550046980774,790550048970588,0.22282480,0.97485851
790550081087744,790550082327132,0.20987867,0.97772744
790550114082132,790550115683676,0.22236034,0.97496455
790550147142865,790550149040476,0.20952909,0.97780241
790550181282183,790550182396764,0.20791527,0.97814684
790550214263947,790550215753308,0.20985479,0.97773256
790550247314613,790550249109852,0.20395425,0.97898042
790550280329804,790550282466396,0.19415065,0.98097172
790550314453588,790550315822940,0.19437721,0.98092686
790550347513477,790550349179484,0.17406904,0.98473345
790550380645754,790550382536028,0.17432285,0.98468855
790550413738455,790550415892316,0.15817744,0.98741070
790550447976972,790550449248860,0.15596257,0.98776297
790550481018402,790550482605404,0.13699398,0.99057188
790550513986172,790550515961948,0.12207476,0.99252091
790550548079760,790550549318492,0.11933344,0.99285423
790550581078982,790550582674780,0.10321929,0.99465862
790550614073818,790550616031324,0.08843717,0.99608176
790550648142280,790550649387868,0.08362217,0.99649753
790550681140243,790550682743900,0.05221625,0.99863580
790550714141114,790550716100444,0.03781078,0.99928492
790550748258382,790550749456988,0.02939905,0.99956775
790550781332313,790550782813276,0.01492371,0.99988864
790550814313171,790550816169820,-0.00000000,1.00000000
790550848320561,790550849525852,-0.03099286,0.99951961
790550881270733,790550882882396,-0.05021590,0.99873839
790550914224085,790550916238428,-0.08213908,0.99662088
790550948326948,790550949594204,-0.10187680,0.99479702
790550981258849,790550982949980,-0.12033137,0.99273378
790551015275252,790551016306012,-0.14225110,0.98983060
790551048331032,790551049661788,-0.17007442,0.98543122
790551081318833,790551083017564,-0.19056053,0.98167545
790551114266970,790551116373340,-0.22349904,0.97470415
790551148318775,790551149729116,-0.24127386,0.97045707
790551181262152,790551183085148,-0.27535911,0.96134144
790551215265793,790551216440668,-0.30515751,0.95230189
790551248192967,790551249796444,-0.32314385,0.94634986
790551281083000,790551283152220,-0.37255828,0.92800880
790551315141471,790551316508252,-0.37812508,0.92575451
790551348144525,790551349863772,-0.40794006,0.91300871
790551381136444,790551383219548,-0.45311401,0.89145257
790551414583830,790551416575324,-0.48413374,0.87499401
790551448632466,790551449930844,-0.50103627,0.86542629
790551481873622,790551483286364,-0.52999894,0.84799830
790551514809734,790551516642140,-0.57287069,0.81964576
790551547728533,790551549997916,-0.60209218,0.79842658
790551581680003,790551583353692,-0.63102842,0.77575971
790551614612512,790551616708956,-0.65474723,0.75584791
790551648623651,790551650064732,-0.67117559,0.74129841
790551681597555,790551683420252,-0.70710678,0.70710678
790551714546081,790551716776028,-0.72198821,0.69190536
790551748542692,790551750131548,-0.74187368,0.67053967
790551781423660,790551783487068,-0.76644866,0.64230557
790551815363757,790551816842588,-0.77698066,0.62952447
790551848315448,790551850198364,-0.79868518,0.60174911
790551881317917,790551883553884,-0.80895331,0.58787290
790551915374933,790551916910428,-0.82783710,0.56096856
790551948380526,790551950266972,-0.83761060,0.54626778
790551981532125,790551983623516,-0.85601804,0.51694596
790552015613167,790552016980060,-0.86725310,0.49786752
790552048603190,790552050336860,-0.87360359,0.48663824
790552081669692,790552083693404,-0.86593692,0.50015322
790552115728982,790552117049948,-0.86753043,0.49738411
790552148723272,790552150406492,-0.87294348,0.48782136
790552181721175,790552183763036,-0.86591684,0.50018799
790552215730920,790552217119836,-0.86591684,0.50018799
790552248761395,790552250476124,-0.86493849,0.50187789
790552281787282,790552283832924,-0.85795987,0.51371671
790552315788127,790552317189212,-0.85596851,0.51702796
790552348803109,790552350546012,-0.84858634,0.52905692
790552381784293,790552383902556,-0.84770600,0.53046633
790552415872335,790552417259100,-0.83998984,0.54260213
790552448779605,790552450615644,-0.83761060,0.54626778
790552482729981,790552483972188,-0.82775223,0.56109379
790552515601527,790552517328732,-0.82018220,0.57210240
790552549560241,790552550685276,-0.80895331,0.58787290
790552582437252,790552584041820,-0.80823650,0.58885802
790552615371177,790552617398620,-0.79823358,0.60234804
790552649321437,790552650754908,-0.78831578,0.61527086
790552682193652,790552684111708,-0.77567170,0.63113660
790552716190239,790552717467996,-0.76530534,0.64366741
790552749069146,790552750824796,-0.75377273,0.65713520
790552783017611,790552784181340,-0.74354223,0.66868898
790552815959220,790552817537628,-0.73121844,0.68214338
790552849034453,790552850894428,-0.70710678,0.70710678
790552883144272,790552884250716,-0.69510413,0.71890907
790552916083569,790552917606748,-0.68394113,0.72953720
790552948978455,790552950962524,-0.65661797,0.75422334
790552983021985,790552984318556,-0.64479299,0.76435725
790553015948349,790553017674076,-0.62783650,0.77834525
790553049077060,790553051029852,-0.60000000,0.80000000
790553083133719,790553084385884,-0.57225208,0.82007778
790553116019825,790553117741660,-0.55906593,0.82912320
790553149981199,790553151097180,-0.52801990,0.84923200
790553182899227,790553184452956,-0.49855551,0.86685778
790553215846801,790553217808732,-0.48154900,0.87641917
790553249779487,790553251164508,-0.45425608,0.89087115
790553282661917,790553284520028,-0.42215552,0.90652342
790553316656408,790553317875804,-0.39123478,0.92029090
790553349544693,790553351231580,-0.35748143,0.93392025
790553382427735,790553384587356,-0.32695673,0.94503931
790553416423504,790553417942876,-0.29116162,0.95667388
790553449938803,790553451298396,-0.25997347,0.96561576
790553482984106,790553484654172,-0.22751730,0.97377404
790553516995543,790553518009948,-0.19086966,0.98161539
790553549925694,790553551365212,-0.15619848,0.98772569
790553582788424,790553584720988,-0.12127026,0.99261953
790553616916051,790553618076508,-0.09008449,0.99593413
790553649860312,790553651432284,-0.06864503,0.99764115
790553682795455,790553684787804,-0.03667256,0.99932734
790553716803680,790553718143068,-0.00000000,1.00000000
790553749726150,790553751498588,0.01438700,0.99989650
790553783668345,790553784854364,0.05109596,0.99869375
790553816584334,790553818209884,0.06959826,0.99757510
790553850137486,790553851565148,0.10588291,0.99437860
790553883135602,790553884920668,0.12005557,0.99276717
790553917139741,790553918277212,0.15380813,0.98810073
790553950080634,790553951633500,0.17114596,0.98524568
790553983027194,790553984989788,0.18987791,0.98180771
790554017073077,790554018346332,0.22693070,0.97391091
790554050016120,790554051702364,0.20952909,0.97780241
790554083028945,790554085058908,0.21024695,0.97764831
790554117014640,790554118415196,0.21024695,0.97764831
790554149904416,790554151771484,0.20601048,0.97854978
790554183834513,790554185127772,0.20507083,0.97874714
790554216736210,790554218484316,0.20952909,0.97780241
790554250666286,790554251840348,0.20750421,0.97823413
790554283560480,790554285196892,0.19162017,0.98146916
790554317479701,790554318553180,0.19074513,0.98163959
790554350371172,790554351909212,0.17666406,0.98427121
790554383325059,790554385265756,0.17272003,0.98497096
790554417322292,790554418621788,0.16990692,0.98546012
790554450198016,790554451978076,0.15743228,0.98752978
790554484142634,790554485334620,0.14066389,0.99005741
790554517028375,790554518690652,0.13699398,0.99057188
790554549956839,790554552046940,0.12172946,0.99256332
790554583983777,790554585403484,0.10226476,0.99475722
790554616911235,790554618759516,0.10271471,0.99471086
790554650852055,790554652115804,0.07009742,0.99754015
790554683722650,790554685472092,0.06356546,0.99797767
790554717667806,790554718828124,0.05147805,0.99867413
790554750547005,790554752184412,0.03123475,0.99951208
790554783446836,790554785540700,0.01298592,0.99991568
790554817369769,790554818896732,-0.00000000,1.00000000
790554851314342,790554852253276,-0.01388755,0.99990356
790554884197647,790554885609564,-0.03148045,0.99950437
790554917133988,790554918965596,-0.06914107,0.99760689
790554950018110,790554952321884,-0.08621623,0.99627645
790554984020294,790554985678172,-0.10578605,0.99438891
790555017522239,790555019034204,-0.13917282,0.99026811
790555050445396,790555052390492,-0.15571269,0.98780239
790555084252855,790555085746780,-0.18842382,0.98208781
790555117134030,790555119102812,-0.21200028,0.97726960
790555150944895,790555152458844,-0.23708930,0.97148786
790555183645850,790555185815132,-0.25563705,0.96677283
790555217473930,790555219171164,-0.28874180,0.95740701
790555250967776,790555252527452,-0.32138825,0.94694751
790555284153239,790555285883484,-0.34174306,0.93979342
790555317365386,790555319239516,-0.37353644,0.92761550
790555350448334,790555352595804,-0.40364021,0.91491780
790555384706610,790555385951836,-0.43873604,0.89861598
790555417769927,790555419307868,-0.46574643,0.88491822
790555450815099,790555452663900,-0.49884976,0.86668848
790555484085368,790555486020188,-0.52999894,0.84799830
790555517186642,790555519375964,-0.55703522,0.83048887
790555550668481,790555552732252,-0.58639739,0.81002352
790555584550345,790555586088284,-0.61428631,0.78908322
790555617333227,790555619444316,-0.64160681,0.76703370
790555651110472,790555652800348,-0.66958624,0.74273432
790555683927301,790555686156380,-0.69441489,0.71957485
790555717775860,790555719512412,-0.70710678,0.70710678
790555751041597,790555752868444,-0.73105527,0.68231825
790555784340520,790555786224476,-0.75408160,0.65678074
790555817634576,790555819580508,-0.77627334,0.63039647
790555850546216,790555852936284,-0.78883076,0.61461047
790555884387945,790555886292316,-0.80994212,0.58650981
790555918165329,790555919648092,-0.82090520,0.57106449
790555951483077,790555953003612,-0.83882417,0.54440244
790555984311265,790555986359132,-0.84858634,0.52905692
790556018154053,790556019714908,-0.85910154,0.51180518
790556051009856,790556053070428,-0.87389952,0.48610661
790556084983796,790556086426204,-0.87493484,0.48424067
790556117999265,790556119781724,-0.87386684,0.48616535
790556150853131,790556153137244,-0.86790703,0.49672667
790556184682158,790556186493020,-0.86725310,0.49786752
790556218452545,790556219848540,-0.86591684,0.50018799
790556251263617,790556253204316,-0.86530585,0.50124424
790556285269954,790556286559580,-0.85866534,0.51253667
790556317643857,790556319915356,-0.85702865,0.51526876
790556351619400,790556353270876,-0.84944125,0.52768320
790556385624972,790556386626652,-0.84858634,0.52905692
790556418616078,790556419981916,-0.83942576,0.54347437
790556451787184,790556453337436,-0.83805789,0.54558131
790556484745208,790556486693212,-0.83045977,0.55707860
790556517908909,790556520048732,-0.82783710,0.56096856
790556552109640,790556553404508,-0.81851475,0.57448551
790556585203378,790556586759772,-0.80895331,0.58787290
790556618242350,790556620115292,-0.80000000,0.60000000
790556652374268,790556653470812,-0.78802437,0.61564404
790556685451778,790556686826588,-0.77942290,0.62649816
790556718495891,790556720181852,-0.77833124,0.62785387
790556751518559,790556753537372,-0.75400769,0.65686559
790556785550456,790556786893148,-0.74376210,0.66844442
790556818603472,790556820248668,-0.73181531,0.68150301
790556851682375,790556853604188,-0.71860214,0.69542143
790556885795926,790556886959452,-0.70710678,0.70710678
790556918901362,790556920316764,-0.68247511,0.73090883
790556952030120,790556953674076,-0.66870633,0.74352662
790556985120964,790556987031388,-0.65542615,0.75525927
790557019309598,790557020388444,-0.62687684,0.77911836
790557052378669,790557053745756,-0.61513953,0.78841827
790557085846556,790557087102812,-0.58739529,0.80930018
790557118956424,790557120460380,-0.55892195,0.82922027
790557152036186,790557153817436,-0.54252543,0.84003938
790557186134132,790557187174748,-0.51382094,0.85789746
790557219131138,790557220531804,-0.48295802,0.87564351
790557252075144,790557253889116,-0.47173197,0.88174200
790557286081017,790557287246172,-0.43649205,0.89970811
790557319084189,790557320603484,-0.40778283,0.91307895
790557352076239,790557353960540,-0.37601681,0.92661284
790557386253541,790557387317596,-0.33839115,0.94100554
790557419321387,790557420674908,-0.30949173,0.95090213
790557452346037,790557454031964,-0.27651677,0.96100909
790557486481265,790557487389276,-0.24359690,0.96987656
790557519505772,790557520746332,-0.20829198,0.97806669
790557552626484,790557554103644,-0.17455125,0.98464809
790557585699374,790557587460700,-0.14142136,0.98994949
790557619870732,790557620818012,-0.10179405,0.99480549
790557652935843,790557654175068,-0.08435436,0.99643582
790557685988049,790557687532380,-0.04920142,0.99878888
790557719073665,790557720889436,-0.01369735,0.99990619
790557753162099,790557754246748,0.00884921,0.99996084
790557786239663,790557787603804,0.03044274,0.99953651
790557819294971,790557820961116,0.07319761,0.99731746
790557853423593,790557854318172,0.08304548,0.99654576
790557886484812,790557887675228,0.12116637,0.99263221
790557919512731,790557921035356,0.13882939,0.99031631
790557952490278,790557954395228,0.17114596,0.98524568
790557986553055,790557987755100,0.19074513,0.98163959
790558019689256,790558021114972,0.20601048,0.97854978
790558052730435,790558054474844,0.22409820,0.97456657
790558086789004,790558087834972,0.22485951,0.97439120
790558119737532,790558121195100,0.22184409,0.97508215
790558152741899,790558154554972,0.20601048,0.97854978
790558186732004,790558187915100,0.20952909,0.97780241
790558219671600,790558221275228,0.20507083,0.97874714
790558252682483,790558254635356,0.20528860,0.97870148
790558286749074,790558287995484,0.20573025,0.97860874
790558319735870,790558321355868,0.19074513,0.98163959
790558353814936,790558354715996,0.18987791,0.98180771
790558386809701,790558388076124,0.17272003,0.98497096
790558419790080,790558421436252,0.17483511,0.98459773
790558452787078,790558454796380,0.15380813,0.98810073
790558486893432,790558488156764,0.15908533,0.98726484
790558519912212,790558521516892,0.14011351,0.99013545
790558552926597,790558554877276,0.12189130,0.99254346
790558587019376,790558588237660,0.12178606,0.99255637
790558620018379,790558621598044,0.10670438,0.99429079
790558652965995,790558654958428,0.08381618,0.99648123
790558687013462,790558688318812,0.07197777,0.99740624
790558719968138,790558721678940,0.05106964,0.99869509
790558754011114,790558755039324,0.03350074,0.99943869
790558787017209,790558788399708,0.01398465,0.99990221
790558819977810,790558821760348,-0.00000000,1.00000000
790558853980387,790558855120732,-0.03032334,0.99954014
790558886916310,790558888481116,-0.03245043,0.99947335
790558919844013,790558921839196,-0.05547002,0.99846035
790558953795710,790558955197532,-0.07310232,0.99732445
790558986741558,790558988555868,-0.10439876,0.99453552
790559020876313,790559021913948,-0.12189130,0.99254346
790559054013887,790559055272284,-0.13917282,0.99026811
790559087015468,790559088630364,-0.17251532,0.98500683
790559120020924,790559121988700,-0.19177541,0.98143884
790559154141413,790559155347036,-0.22419115,0.97454519
790559187131917,790559188705116,-0.24118422,0.97047935
790559220195181,790559222063452,-0.27612349,0.96112216
790559254251395,790559255421788,-0.30894909,0.95107858
790559287133266,790559288780124,-0.32633746,0.94525333
790559321078151,790559322138460,-0.35897908,0.93334561
790559353959313,790559355496796,-0.38850230,0.92144776
790559386930034,790559388855132,-0.41937103,0.90781493
790559420980811,790559422213468,-0.43966068,0.89816395
790559453898110,790559455571548,-0.48640754,0.87373206
790559487866934,790559488930140,-0.51240108,0.85874626
790559520851881,790559522288476,-0.54286645,0.83981904
790559553742644,790559555646812,-0.57253977,0.81987695
790559586969475,790559589005148,-0.60079414,0.79940378
790559621133247,790559622363740,-0.62765734,0.77848973
790559654131848,790559655722076,-0.65511257,0.75553128
790559687086336,790559689080412,-0.67018786,0.74219151
790559721138614,790559722438748,-0.70710678,0.70710678
790559754021063,790559755797084,-0.71850947,0.69551717
790559787964865,790559789155676,-0.74219151,0.67018786
790559820848997,790559822514012,-0.76610987,0.64270963
790559854779037,790559855872348,-0.77698066,0.62952447
790559887690465,790559889230940,-0.79881501,0.60157674
790559920606312,790559922590300,-0.81841302,0.57463042
790559954541562,790559955949916,-0.82884867,0.55947286
790559987459343,790559989309532,-0.84671019,0.53205437
790560020946000,790560022669404,-0.85701395,0.51529320
790560055077460,790560056029020,-0.86715938,0.49803073
790560088017724,790560089388636,-0.87314468,0.48746114
790560120926926,790560122748252,-0.87493484,0.48424067
790560155013721,790560156107868,-0.87447934,0.48506276
790560187960852,790560189467740,-0.86790703,0.49672667
790560220901605,790560222827356,-0.86725310,0.49786752
790560254878731,790560256187228,-0.86627405,0.49956908
790560287833074,790560289546844,-0.86627405,0.49956908
790560321801697,790560322906460,-0.85797474,0.51369188
790560354677360,790560356266076,-0.85702865,0.51526876
790560387633194,790560389625948,-0.84711034,0.53141704
790560421695194,790560422985820,-0.84799830,0.52999894
790560454685201,790560456345692,-0.83928680,0.54368894
790560487621709,790560489705564,-0.83832609,0.54516911
790560521635692,790560523065436,-0.82967898,0.55824080
790560554611906,790560556425308,-0.82018220,0.57210240
790560587549271,790560589785180,-0.80985707,0.58662724
790560621495475,790560623145052,-0.80873608,0.58817170
790560654518874,790560656504924,-0.79818915,0.60240691
790560688565672,790560689865052,-0.78802437,0.61564404
790560721507809,790560723224924,-0.77803202,0.62822462
790560754498999,790560756584796,-0.76551980,0.64341234
790560788543205,790560789944924,-0.75316698,0.65782939
790560821436573,790560823305052,-0.74306461,0.66921968
790560855378005,790560856664924,-0.73138385,0.68196603
790560888321521,790560890025052,-0.70710678,0.70710678
790560921257410,790560923383644,-0.69351228,0.72044480
790560954438868,790560956742492,-0.68378846,0.72968030
790560988914308,790560990101084,-0.65408313,0.75642267
790561022089455,790561023459932,-0.64400264,0.76502327
790561055092890,790561056818780,-0.62783650,0.77834525
790561088079865,790561090177628,-0.60277174,0.79791367
790561122075271,790561123536220,-0.57375626,0.81902610
790561154992104,790561156895068,-0.55872294,0.82935437
790561188980340,790561190253916,-0.52921244,0.84848936
790561221904587,790561223612764,-0.49946733,0.86633272
790561255844338,790561256971868,-0.48564293,0.87415728
790561288733319,790561290330716,-0.45292561,0.89154831
790561321611191,790561323689564,-0.42215552,0.90652342
790561355562111,790561357048412,-0.39284148,0.91960620
790561388508350,790561390407260,-0.35773347,0.93382373
790561422488058,790561423766108,-0.32599068,0.94537298
790561455366383,790561457125212,-0.29245440,0.95627947
790561489317276,790561490484316,-0.25850938,0.96600875
790561522191772,790561523843420,-0.22419115,0.97454519
790561555086738,790561557202268,-0.19201161,0.98139265
790561589085849,790561590561372,-0.15549286,0.98783702
790561622206610,790561623920220,-0.11896479,0.99289847
790561655332813,790561657279324,-0.09999875,0.99498756
790561689400704,790561690638428,-0.06895987,0.99761943
790561722439320,790561723997532,-0.03224129,0.99948011
790561755437400,790561757356636,-0.00000000,1.00000000
790561788431357,790561790715740,0.01459698,0.99989346
790561822438980,790561824074844,0.04731537,0.99888000
790561855437241,790561857433948,0.07369072,0.99728114
790561889503568,790561890793052,0.10273982,0.99470826
790561922431746,790561924150364,0.12403473,0.99227788
790561955315244,790561957507420,0.15523783,0.98787713
790561989271353,790561990864220,0.17192945,0.98510927
790562022448100,790562024221532,0.19074513,0.98163959
790562055436636,790562057578332,0.21219781,0.97722673
790562089368992,790562090935644,0.22236034,0.97496455
790562122255163,790562124292700,0.22409820,0.97456657
790562156199149,790562157649756,0.21048730,0.97759659
790562189131830,790562191006812,0.20507083,0.97874714
790562222013690,790562224363868,0.20952909,0.97780241
790562255969047,790562257720668,0.20695859,0.97834970
790562288921700,790562291077980,0.20685568,0.97837147
790562322943097,790562324434780,0.19074513,0.98163959
790562355911320,790562357792092,0.19250311,0.98129636
790562388864743,790562391148892,0.17746553,0.98412702
790562422902507,790562424505948,0.17724336,0.98416706
790562455842402,790562457863004,0.15905999,0.98726892
790562489794314,790562491220060,0.15669403,0.98764720
790562522666422,790562524577116,0.13553030,0.99077320
790562556668822,790562557934172,0.13407262,0.99097151
790562589628281,790562591291228,0.12207476,0.99252091
790562622554670,790562624648028,0.10370323,0.99460828
790562656511230,790562658005084,0.09099152,0.99585167
790562689385365,790562691361884,0.08258980,0.99658363
790562723311977,790562724718940,0.06790572,0.99769174
790562756189875,790562758075996,0.05140254,0.99867802
790562790137388,790562791433052,0.03407112,0.99941941
790562823017638,790562824789852,-0.00000000,1.00000000
790562857014714,790562858146908,-0.00000000,1.00000000
790562889930845,790562891503708,-0.03287695,0.99945941
790562922790681,790562924861788,-0.03052013,0.99953415
790562956729741,790562958220124,-0.06774524,0.99770265
790562989631070,790562991578460,-0.08919530,0.99601416
790563023759407,790563024936540,-0.12065894,0.99269402
790563056702780,790563058295132,-0.13511320,0.99083017
790563089726191,790563091653212,-0.15651685,0.98767529
790563122760697,790563125011548,-0.18956848,0.98186750
790563156829006,790563158369628,-0.20766268,0.97820050
790563189988267,790563191728220,-0.23756379,0.97137194
790563223084345,790563225086300,-0.25977095,0.96567026
790563257154193,790563258444636,-0.28956089,0.95715960
790563290215242,790563291802972,-0.32461048,0.94584779
790563323209076,790563325161564,-0.34174306,0.93979342
790563356277404,790563358519644,-0.37519276,0.92694681
790563390445034,790563391877980,-0.40566197,0.91402318
790563423467019,790563425236316,-0.43863440,0.89866560
790563456590500,790563458594908,-0.48125881,0.87657855
790563489676265,790563491953244,-0.50062509,0.86566421
790563523808529,790563525311580,-0.52848201,0.84894450
790563556828491,790563558669916,-0.55975558,0.82865777
790563589872024,790563592028508,-0.58817170,0.80873608
790563623899820,790563625386844,-0.61806096,0.78613017
790563657022294,790563658745436,-0.64524778,0.76397337
790563690084884,790563692103772,-0.66692930,0.74512101
790563723144644,790563725462364,-0.69639486,0.71765883
790563757209738,790563758820700,-0.71832855,0.69570403
790563790280116,790563792179292,-0.73172157,0.68160366
790563823384747,790563825537628,-0.75400769,0.65686559
790563857509657,790563858896220,-0.77627334,0.63039647
790563890567258,790563892254812,-0.79792868,0.60275188
790563923620366,790563925611612,-0.80851474,0.58847592
790563957690707,790563958968924,-0.82006256,0.57227388
790563990948267,790563992325724,-0.83915299,0.54389545
790564024020515,790564025683036,-0.84935884,0.52781585
790564056998678,790564059039836,-0.86462523,0.50241736
790564090037541,790564092396892,-0.87389952,0.48610661
790564124207215,790564125753948,-0.87415728,0.48564293
790564157343659,790564159111004,-0.87314468,0.48746114
790564190346414,790564192468060,-0.87384718,0.48620069
790564224379643,790564225825116,-0.86824314,0.49613894
790564257391548,790564259181916,-0.86655058,0.49908926
790564290338299,790564292539228,-0.86627405,0.49956908
790564324600677,790564325896028,-0.86517465,0.50147066
790564356708933,790564359253340,-0.85795987,0.51371671
790564390946045,790564392610140,-0.85606445,0.51686910
790564424135166,790564425967452,-0.84947708,0.52762552
790564457277202,790564459324252,-0.84799830,0.52999894
790564490381008,790564492681308,-0.83915299,0.54389545
790564523457503,790564526038364,-0.83045977,0.55707860
790564557689731,790564559395420,-0.82890762,0.55938551
790564590735673,790564592752476,-0.81946804,0.57312489
790564624795501,790564626109532,-0.80961044,0.58696757
790564657737747,790564659466332,-0.79940378,0.60079414
790564691015469,790564692823644,-0.78750500,0.61630826
790564724955840,790564726180444,-0.77875391,0.62732954
790564757900632,790564759537756,-0.76503675,0.64398663
790564790787229,790564792894556,-0.75521873,0.65547286
790564824752862,790564826251612,-0.74306461,0.66921968
790564857690497,790564859608668,-0.73135361,0.68199846
790564891752121,790564892965724,-0.72003049,0.69394243
790564924890698,790564926322268,-0.70710678,0.70710678
790564957999102,790564959679068,-0.68342429,0.73002140
790564991005764,790564993035612,-0.67020635,0.74217481
790565025013130,790565026392412,-0.65422367,0.75630112
790565057918467,790565059748956,-0.62958350,0.77693283
790565091873284,790565093105500,-0.61513953,0.78841827
790565124792873,790565126462300,-0.58660883,0.80987041
790565157757525,790565159818844,-0.57170365,0.82046020
790565190668133,790565193175388,-0.54560189,0.83804450
790565224510019,790565226532188,-0.51516604,0.85709040
790565257540198,790565259888732,-0.49896444,0.86662246
790565291653645,790565293245276,-0.47173197,0.88174200
790565324603331,790565326601820,-0.44008694,0.89795517
790565358619034,790565359958620,-0.40572475,0.91399531
790565391540844,790565393314908,-0.37446305,0.92724184
790565425483087,790565426671708,-0.34425465,0.93887632
790565458373462,790565460028252,-0.30929483,0.95096620
790565491253716,790565493384796,-0.27531718,0.96135345
790565525202011,790565526741340,-0.24253563,0.97014250
790565558258146,790565560097884,-0.20921847,0.97786892
790565591356363,790565593454428,-0.17351780,0.98483073
790565625017586,790565626811228,-0.13616074,0.99068676
790565658467398,790565660167516,-0.10321929,0.99465862
790565692206662,790565693524316,-0.08427623,0.99644243
790565725262282,790565726880604,-0.05496266,0.99848841
790565758205412,790565760237148,-0.02173400,0.99976379
790565792371257,790565793593948,0.00884921,0.99996084
790565825536450,790565826950236,0.03224129,0.99948011
790565858178846,790565860306780,0.06927760,0.99759742
790565890997203,790565893663324,0.08802902,0.99611791
790565924742851,790565927019612,0.12065894,0.99269402
790565957895927,790565960375900,0.13882939,0.99031631
790565991092154,790565993731676,0.15762886,0.98749843
790566025302682,790566027087964,0.18987791,0.98180771
790566058389831,790566060444252,0.21015304,0.97766850
790566092567917,790566093800284,0.22383765,0.97462644
790566124971382,790566127156572,0.24135234,0.97043755
790566159231400,790566160512604,0.25563705,0.96677283
790566192504109,790566193868636,0.29342066,0.95598343
790566225764049,790566227224924,0.31021723,0.95066570
790566258907014,790566260580956,0.32290063,0.94643287
790566292033113,790566293936988,0.32536391,0.94558888
790566325221653,790566327293020,0.34257645,0.93948996
790566358549426,790566360649308,0.35973227,0.93305557
790566391937504,790566394005340,0.37461789,0.92717929
790566425317353,790566427361372,0.38850230,0.92144776
790566458734651,790566460717404,0.39146358,0.92019360
790566492032892,790566494073692,0.40613847,0.91381155
790566525651519,790566527429468,0.41977751,0.90762704
790566558715561,790566560785756,0.43429919,0.90076868
790566591952827,790566594141788,0.43508702,0.90038841
790566625959122,790566627497564,0.44998056,0.89303835
790566658838364,790566660853852,0.44978193,0.89313841
790566692837921,790566694209884,0.45269236,0.89166677
790566725834939,790566727565660,0.46602477,0.88477167
790566758970808,790566760921692,0.46949676,0.88293420
790566791794356,790566794277724,0.46984908,0.88274676
790566825604690,790566827633756,0.47149436,0.88186908
790566859751174,790566860989788,0.48136705,0.87651911
790566891763313,790566894345820,0.48248854,0.87590228
790566925625257,790566927701852,0.48191875,0.87621591
790566959450518,790566961057628,0.48501886,0.87450369
790566992306077,790566994413404,0.48191875,0.87621591
790567026573213,790567027769436,0.48248854,0.87590228
790567059783162,790567061125212,0.48248854,0.87590228
790567092892119,790567094480988,0.48501886,0.87450369
790567125914452,790567127837020,0.48501886,0.87450369
